patent_id,num_figures,num_sheets
7560223,21,17
10319307,42,29
D910720,7,7
9908772,6,4
6805417,9,8
11034324,20,17
PP12847,8,3
6542328,10,6
10768058,18,17
10218993,13,13
6475263,0,0
11322869,13,7
D423875,4,1
9998635,6,5
8600507,13,10
8280877,6,6
RE31302,8,4
11348594,12,11
7378647,13,3
7748838,10,5
8764429,11,3
7367236,8,4
10492237,13,9
10137279,17,16
11169515,7,6
8537825,21,20
5071307,11,7
7643501,3,3
6912573,20,14
5095958,8,2
D544516,7,4
11270781,9,9
10831071,6,6
8412434,9,6
7391037,13,7
D379686,6,2
6688148,4,4
9714413,42,21
4363933,3,3
6285048,14,8
4597109,5,1
5306363,2,1
8167614,7,7
7013604,12,12
6183494,1,1
D821938,9,9
9911670,300,195
9659039,5,5
4394193,4,1
7443072,14,6
6170159,12,5
11146125,11,4
D580488,5,3
4100498,5,3
8620808,4,4
10408975,4,4
4232975,10,5
7831750,8,8
8651388,11,9
6760849,6,3
7172420,2,2
4000157,1,1
11332494,18,18
4663468,4,4
D634964,7,7
6093019,4,6
5781237,11,11
D795008,7,2
9115614,23,14
9368017,4,4
4867921,6,1
11084131,7,5
4133497,5,1
4954183,3,2
7390870,10,10
5375216,7,7
10435189,16,14
4443523,2,2
8289779,6,5
7561151,18,18
9745793,22,12
6029524,14,10
10046543,17,8
7159019,10,10
D609265,7,4
11411098,10,10
8851717,17,6
7361729,8,4
5536004,8,4
7355438,4,3
11415145,7,7
6716467,5,3
D329096,7,4
4556816,3,2
8693032,6,6
6512197,2,2
4991124,2,2
8971515,6,6
7689884,10,7
5884588,4,2
7040737,37,26
D789974,20,20
5678202,5,4
D806441,6,6
5394020,2,2
6475456,9,4
10842465,17,11
7109851,2,2
7528784,24,12
D484289,7,7
5115421,12,4
D957630,8,8
4004441,5,2
6304780,29,19
7824292,5,3
8430627,10,2
10252300,23,21
8213835,9,8
D253321,6,1
7115675,2,1
11024810,3,2
8298463,8,7
4132187,2,1
7416711,4,4
6570607,5,3
7918864,15,7
11150648,9,9
9131157,13,10
6273453,8,4
4078931,3,1
4466330,2,2
7908652,14,10
11195232,19,19
10423350,5,5
4616543,3,2
11314563,15,14
8734612,18,13
5786620,33,21
8107335,29,19
4808558,4,1
6307501,4,2
6195729,3,3
5851984,4,2
D893082,8,8
7158690,25,16
5984003,4,3
10494701,4,4
6590543,4,4
5040485,5,4
5183447,5,2
8946285,43,24
4706517,10,6
D746465,6,6
D864061,10,10
7083926,2,2
9086348,33,25
D526673,7,3
6564208,3,3
9091338,14,13
8108315,8,6
8767304,21,15
7512047,4,3
D440090,8,4
7873233,8,6
10801382,9,5
8889883,10,10
10431690,33,10
11048381,3,3
D500378,14,11
7393084,15,7
10321882,7,5
6935940,19,2
4186235,1,1
11428991,29,25
4372431,10,6
10231191,13,13
8739219,22,18
5781874,8,4
8635213,16,11
5268631,27,21
11318145,1,1
7921683,4,4
5205109,9,2
8572669,12,12
10421318,4,2
9516601,17,17
9320043,7,6
10040004,2,2
11354346,9,9
5073004,8,3
6149043,9,5
9945831,6,5
10939848,18,14
5701966,12,5
4436555,3,3
4654909,5,1
5243947,23,18
D851555,4,4
4149649,5,2
6194798,13,8
D363892,4,1
8191906,6,5
8845475,7,5
8065583,5,5
7264681,9,9
6919332,0,0
10314375,8,8
D262708,6,3
9903866,6,6
6370150,1,1
6103128,1,1
D406097,8,2
7886393,5,5
4673314,4,2
6067565,26,21
3956464,7,4
5576536,15,12
6040644,1,1
10233539,8,4
6995878,4,4
9499889,3,3
6112254,4,4
10818247,12,8
10859893,20,20
7707314,9,9
D663472,5,5
11169110,10,5
7510739,17,10
8403539,12,12
11287327,4,4
10726000,9,8
D575222,6,6
6442736,9,6
11275140,4,4
9550672,3,2
D704294,19,17
D778870,16,9
6550245,8,8
8135906,4,4
D276245,1,1
6750764,12,7
D458334,7,2
11431177,6,5
5020547,5,2
9788031,16,14
10333393,9,6
10789565,8,8
4845839,3,1
4550727,4,2
D525295,16,10
9451672,38,19
10922612,17,17
8660014,4,4
9253563,4,2
9747152,8,7
5606954,15,14
10553793,25,14
5767442,6,2
7521951,24,12
7994884,7,7
11254551,9,9
6576666,0,0
4793250,8,6
4697159,6,2
4099746,4,2
6593350,0,0
7961922,10,7
6541501,0,0
5749119,6,4
10727415,3,2
9977048,4,2
4356724,10,4
11242145,6,6
11361328,4,3
6602130,12,8
D413138,10,8
9809842,10,9
7544451,3,2
4583678,9,3
10633733,2,2
5938708,5,5
6785332,1,1
10023631,14,10
9083492,9,4
D792355,9,9
6943512,18,8
4144897,5,1
D679818,6,3
7667687,14,10
5926349,11,6
5927514,6,4
7641424,9,9
10298037,19,9
5810437,11,6
6558995,11,6
9470803,12,6
D860390,7,7
5831632,24,10
8903042,19,16
11234477,26,21
8890336,27,11
8664097,28,9
11300219,10,9
4641730,8,2
4492128,3,4
4680515,10,5
9367672,10,10
7492400,11,7
9001878,31,17
10670819,10,7
9493360,4,4
8534058,5,5
9499071,10,10
5361324,5,5
8906359,27,27
10162139,40,20
8522381,8,8
7837130,18,14
11013335,31,16
7280511,6,4
7917957,1,1
4952762,9,3
8570822,7,7
8437401,8,7
6540373,11,9
5270632,12,9
7488540,1,1
5137087,9,3
7290016,3,3
7353263,28,24
D447769,7,1
4899845,10,5
9983662,4,2
9539210,83,53
D601356,6,6
9928966,8,6
7199672,4,3
6828537,14,5
6884427,12,9
11347797,7,7
7875181,20,12
4846542,6,4
11015415,7,4
9047734,16,16
6324511,9,8
5598766,3,2
10459798,11,6
11446283,6,6
D589156,7,7
8030057,25,12
4574219,24,12
D342660,4,1
6472339,0,0
6986026,5,5
11120572,10,6
5391655,1,1
8915570,4,4
4637570,2,1
8525789,13,7
5879129,14,8
5612231,14,9
8417935,11,7
8162883,16,16
8477116,12,7
D432251,1,1
5199230,8,2
10893530,1,7
7951939,1,1
8407262,13,13
D774501,8,4
D802404,8,5
8379442,9,8
4655205,3,1
6045248,9,9
6304117,46,44
5981125,9,7
D358801,7,4
10408295,10,6
D856879,9,9
5996067,10,11
7579865,5,4
D541421,10,2
9711811,7,4
7512467,11,6
7953077,5,5
10275175,8,8
6837575,8,6
8577139,6,6
6661256,9,5
5942710,21,13
7039922,11,11
10442814,11,10
D464186,6,5
4129779,4,2
8968813,4,2
8607751,6,6
7564044,20,8
8739049,16,15
4994654,4,2
10136678,5,2
6906204,0,0
9796574,22,11
10498701,6,6
10521461,5,5
11328409,18,17
7273040,17,9
5099887,3,1
4032302,4,2
10049486,6,6
7916389,16,8
10789903,15,8
8116859,8,4
8768174,17,8
3982561,4,1
10547237,18,16
4379626,4,2
11393894,11,11
6483915,8,5
4438674,3,1
7789084,3,2
D518370,5,3
10136730,26,12
9769253,15,12
D393372,6,2
5468113,13,10
9245905,17,7
4606403,5,4
4565995,5,3
4135221,50,14
7912840,3,2
D625524,4,4
8934594,17,14
7705861,5,5
5425001,3,3
9300116,10,4
9862023,13,6
9235991,23,11
10883871,4,2
10637861,11,10
8860730,22,21
5384774,4,3
8508193,2,2
8656634,13,7
10825280,20,10
10662394,6,5
D606033,8,8
8067294,29,8
9770071,11,3
4401615,2,2
7151917,15,13
7758075,13,13
10291896,5,4
10103187,5,4
6158949,4,3
5618191,8,8
6810769,7,3
5204262,1,1
D746753,2,2
10800899,4,2
10568484,7,5
5426534,9,9
D572389,6,6
4095353,4,2
4660427,10,5
4124843,10,7
5134081,9,4
D265388,1,1
7060345,9,3
10636604,36,23
D431467,4,1
5293326,10,5
9047889,17,10
4406296,13,5
5805504,8,8
8887263,4,4
9529573,8,8
D476248,1,1
9708127,4,2
5357952,5,2
9591072,16,12
7012816,12,8
6786233,26,13
5213005,15,8
7172504,6,2
4360031,9,4
6503225,6,2
6018288,22,7
6028873,28,15
9154979,8,8
D823527,7,5
D382147,6,3
7472350,16,12
7233018,21,11
6202664,6,3
D441676,1,1
9065836,5,5
8306636,7,7
8725810,6,6
D623025,8,2
6917061,6,6
9477728,9,9
11220190,3,3
10123480,9,9
9268370,7,7
6119828,13,6
D404133,6,2
5387780,11,9
8350627,18,16
8253412,3,2
5393340,4,2
8217709,7,7
4971923,9,3
4438437,6,3
6893931,8,4
4791532,11,2
9865696,29,8
8938493,6,5
9644078,5,2
10265227,12,10
8412133,9,9
8930420,4,2
5861480,15,15
9909067,16,11
10062928,3,2
4398906,5,1
6703666,16,16
9848942,1,1
10528654,14,14
6814649,12,7
7838970,8,3
4042220,22,10
5790363,4,2
8308366,5,5
8100569,38,15
9027722,35,20
5838625,6,3
6758925,12,7
5647411,5,2
7886848,14,10
6608349,5,3
D254199,6,2
7704084,10,7
7407168,7,7
9563484,3,3
8598618,2,1
9135354,33,33
11161639,9,9
6388538,6,3
5467448,67,67
4481840,9,3
9831333,23,12
8703684,1,1
5992428,4,1
D589799,3,1
4332232,4,1
6338017,8,8
D711895,40,10
11195526,14,9
10891353,5,5
D368166,5,3
5267370,6,4
8803951,4,4
8654890,30,9
8327645,31,18
10478058,8,7
9772870,4,4
9194597,11,11
8419549,49,47
6907818,6,6
9795525,15,8
9789649,4,4
10831837,7,6
10834586,9,9
4461225,6,2
5517775,7,4
7273715,4,4
8141438,10,6
D700247,2,2
10320067,28,27
5629980,20,13
7681581,43,43
10272489,10,10
5689479,28,10
6066988,33,13
8473247,4,4
4535499,12,3
4255055,5,3
9863798,23,23
8331200,6,6
4432118,7,3
7821187,11,8
10148006,1,1
8087635,7,4
8397764,15,5
5644725,25,21
4093009,4,1
10482806,18,9
8438394,9,8
10162155,27,27
10838750,4,4
5937856,5,2
D321696,6,4
5430518,16,14
6179769,21,15
D255644,4,1
5062931,9,3
4762374,5,1
5714186,9,6
11352472,1,1
10617672,31,27
8066010,26,15
5371637,4,3
7967065,4,3
9778622,7,7
10260025,5,5
6772184,6,6
11281309,15,9
9755334,14,7
PP4933,2,1
6261814,9,6
4582347,5,2
4304765,4,1
8728187,15,7
8428844,21,21
8774980,2,2
5435650,10,5
10829536,25,11
10863230,16,16
10282301,12,12
5129558,8,2
11247493,8,4
4034157,8,1
6455379,11,11
6115506,9,6
11161836,7,4
7266722,15,15
9411765,5,5
4319303,9,2
4793407,6,3
11161592,18,11
8032635,9,9
D953307,8,8
10027249,3,3
9308074,10,4
6116744,3,2
5680106,17,12
11148806,9,8
8978713,10,5
6599894,0,0
6922228,8,8
4724780,6,5
9034761,12,12
D762995,16,6
9577871,8,7
4317027,1,1
8651091,21,17
9020222,1,1
8941450,35,12
10372367,42,42
4012173,3,1
8432964,4,4
11225935,3,2
8556078,34,11
10897239,12,7
9920470,4,4
6093065,9,2
8052119,6,3
11025667,7,6
8124811,9,6
D429229,8,4
10498347,14,7
5730195,1,1
5577601,10,6
9277468,16,15
5295462,3,3
11327572,1,1
10095371,10,10
4033618,4,1
5163775,7,3
7104763,7,7
D943791,8,8
D452879,11,3
D351657,7,2
10891422,8,8
9318543,7,4
10337443,6,6
4393521,8,1
6019676,4,1
D828110,14,14
9687849,9,9
5252132,14,10
5785433,15,7
11020530,7,7
4821851,5,2
10895985,7,7
7533146,6,5
8399989,91,91
9768469,3,3
10249588,11,9
D322655,6,3
10593088,6,5
11351947,13,13
11138878,7,6
5102020,6,3
5408699,10,5
9457096,13,12
9405924,8,8
5273717,5,5
4883699,2,2
10031932,6,5
7897006,3,1
8042168,4,4
5216950,3,3
8516918,7,3
D493546,5,4
7341555,239,64
10743824,11,11
7520096,10,9
9060764,43,12
8652601,4,3
8861390,10,10
5875789,11,8
D306320,6,2
7711101,5,5
9510576,4,4
9115816,32,16
8123834,38,27
PP5338,3,3
9209044,28,14
7424309,2,2
5416483,18,11
4404243,3,1
7440918,2,2
11332099,39,34
D932991,3,3
11046504,23,21
4182156,2,2
D490196,7,7
7368304,17,15
10087523,2,2
5110330,4,1
4596027,6,2
5880036,6,3
7676034,8,7
D567027,6,6
9234538,12,9
8017853,2,2
6191419,7,3
8247484,3,3
9027057,6,6
5666919,109,65
4637304,14,8
9213913,6,6
6334477,9,5
5868886,6,2
8752035,8,7
7822471,13,12
7881472,10,9
8776536,9,4
6971860,14,9
5950467,5,5
7748518,5,5
9716508,15,14
9443373,13,6
11271241,6,6
11319774,16,11
8571350,8,7
D320900,4,2
8334638,23,19
10826730,11,8
8837173,7,5
9601934,15,15
6267930,14,13
6504543,44,13
6642035,3,3
4999492,2,2
7960808,5,4
4679791,13,4
4936251,3,2
6152738,7,6
10223772,17,14
10278914,7,4
11310430,3,3
6415538,7,2
4235493,21,4
10897675,8,7
9292510,36,33
7523768,4,2
4652472,3,1
10566037,10,7
5352986,10,8
8782030,5,4
8526550,2,2
6367862,11,10
10411186,15,8
7748840,43,42
8719996,26,9
11361332,7,6
10109331,20,20
9312755,15,8
6151858,1,1
6050051,4,2
D956191,3,2
5590242,17,7
9723364,9,8
5268267,6,23
PP22570,2,2
10762505,11,11
9568380,41,21
D645876,1,1
10929772,7,7
5529100,12,11
4188906,5,3
7444987,5,3
6884410,28,20
8883710,7,7
4253298,11,5
11416202,31,25
4504248,7,3
6154235,20,13
D649733,10,7
9976222,6,6
D410928,6,1
5596417,36,11
5471816,22,9
10761431,76,45
8986555,10,10
9182689,1,1
9425585,5,3
9522713,3,2
10923050,23,14
4596563,4,1
6795228,9,7
4644198,2,2
7285917,5,5
6709838,32,27
9734869,4,3
D458079,6,6
9775635,27,20
6288326,15,5
D778455,11,11
7815393,11,6
6828821,8,5
6375655,21,11
6683009,1,1
9858358,6,5
9025265,17,9
7788091,13,9
9506035,15,3
6844572,19,15
11034944,24,25
8460334,16,10
D484590,6,1
5598712,30,23
10154415,21,12
8510816,5,5
D707960,8,7
10879327,86,36
4944841,2,2
6951972,1,1
9423263,15,13
9397731,15,7
9348246,4,2
8205050,9,9
10899824,10,5
10342777,14,7
10354657,1,1
10057401,13,13
5715429,142,90
4567082,3,1
6208395,98,62
5041246,4,3
11379722,6,6
5200170,3,1
5247420,8,7
7456617,16,9
5105634,8,3
4088130,7,2
9064888,10,10
8902195,21,17
D734291,7,7
5490958,17,9
10646283,19,17
5300558,4,2
6225964,10,10
8821087,9,9
4385136,1,1
9315002,4,4
10556444,11,9
6335756,8,4
3952950,5,3
5317231,3,2
6123700,23,7
7540289,33,16
8597043,31,14
4202916,1,1
5116360,2,1
4350171,13,4
D258006,5,1
9534097,5,4
4487750,3,2
7672607,10,9
9905119,8,8
7406331,10,5
9445819,9,7
6504910,2,2
7233413,17,13
6934455,25,6
5957286,7,4
6353250,41,37
8862985,13,13
7602562,2,2
9965926,34,34
6053549,4,2
6942722,3,3
RE29133,10,1
7906250,8,2
10981417,8,8
10536874,5,5
9923996,9,8
9345641,148,108
5002298,4,1
7779403,5,5
10038508,7,6
6530242,7,7
10769355,12,12
D386885,7,2
9058965,6,6
10989614,9,9
5354042,4,4
3937094,4,1
D756119,6,5
7350869,3,2
7795716,11,5
6446894,6,5
7233132,8,5
10289879,28,25
7380944,201,38
6253561,15,7
11385281,11,7
9906176,7,7
9003467,6,5
5355180,5,4
6892005,21,5
8987054,20,10
6699419,1,1
D500327,14,12
6757883,2,2
10352772,4,2
8315661,5,5
11333180,19,14
9751311,11,11
5690132,6,4
8369473,5,2
7860615,72,72
D314960,7,3
7960315,3,3
7989748,41,39
9329979,4,4
10221981,24,10
6676661,3,3
5996271,4,1
10944080,11,11
8453343,2,2
5635110,1,1
9421377,8,7
6312248,5,3
D518142,5,5
10638163,9,5
6281911,12,11
10987227,48,35
11282186,19,10
6509364,6,6
9958444,16,12
10307493,11,6
9546812,67,29
6576222,1,1
D412387,7,2
5133717,7,3
8274044,8,8
4768831,4,3
D546706,3,2
10401142,17,16
4036201,8,2
6714313,16,16
6607361,5,4
7076450,21,21
9793130,16,10
D816605,7,7
11245792,4,4
D286529,6,2
D505761,7,7
10066423,55,30
5314632,4,4
7845491,47,26
RE40220,9,8
4402489,3,1
9249496,11,7
10974037,5,5
9504441,10,9
7381881,6,6
5583926,14,14
D771017,7,7
7024744,4,2
8103948,10,10
7098617,7,3
D443789,2,2
D564286,6,4
9915168,7,5
5360397,7,4
11395761,16,10
4073413,2,1
6386764,7,3
D291677,11,4
5388298,31,16
10786693,22,20
D797572,8,6
D281179,4,2
6096528,5,5
6039988,2,1
9111428,6,6
7432487,9,6
8519077,10,7
10503710,7,6
5401513,8,4
9190677,12,12
D731763,7,7
9388656,12,12
6324824,5,3
8960584,4,2
5572287,8,6
9722207,9,9
11012753,8,8
10392097,9,5
10752628,18,18
10610283,15,9
7594797,15,11
5245216,10,5
D597903,5,2
7261555,6,6
4168692,10,3
8478574,21,11
4512193,4,2
4548835,9,5
8237598,51,19
7490423,22,11
8500737,46,6
8452060,29,21
10181715,9,6
8184712,47,42
6679955,8,4
8145369,28,27
RE41137,15,15
7838171,9,3
9683397,6,4
4804237,10,6
7429614,7,4
9902049,21,11
9843827,23,23
10580101,16,10
9869235,20,16
10902428,6,6
9439937,11,6
9760922,12,8
10461020,31,25
7476903,34,13
8388462,6,5
4666581,6,3
4975612,4,2
11220855,36,14
8605940,16,13
11272601,8,7
11167076,17,14
4783034,13,4
10770856,5,2
7063042,11,6
9673397,1,1
8871165,2,2
9991017,33,18
9092663,23,22
D920901,10,10
9549418,11,11
10850856,8,4
9042133,7,4
7494240,13,11
6256484,4,3
4563678,2,1
7368630,162,162
11243301,26,16
D439879,7,5
11219136,22,22
5918926,31,20
7009828,30,23
D754593,3,3
D475329,7,3
D739823,8,6
9073520,8,6
4267545,7,7
8030539,8,8
8966635,6,4
5917544,9,5
7057622,37,37
7968296,12,12
6873149,3,3
7936105,15,5
4660535,15,10
7111387,36,20
5085745,1,1
8941478,4,2
8464630,28,20
10646599,6,6
11205948,5,4
8538200,7,7
10317364,34,21
10815099,5,2
10966899,17,15
5871931,29,29
10444979,24,20
9933259,6,5
5064974,3,2
6131218,6,6
10918914,25,10
9208810,15,6
6021844,25,14
D769546,7,5
D272994,6,1
9109582,19,18
7384793,18,18
6038660,10,7
9024510,4,4
8348024,12,12
4932240,6,3
5832297,71,62
RE48117,201,92
7569887,13,10
6819178,6,4
9746431,19,15
8846417,9,9
4606651,2,1
6752504,12,12
9152067,1,1
8742556,20,16
9987156,16,15
9646251,5,5
11438080,15,15
10056058,4,4
5396610,36,25
10544566,15,8
7226374,9,5
11271048,11,9
6545531,6,5
D865684,6,4
6577974,2,2
6585590,6,6
5871354,7,4
D707178,26,13
10051519,31,23
9200982,6,6
5705577,5,5
10610596,4,4
D480826,8,4
8444840,5,3
5058946,8,2
9599922,14,11
10717956,31,24
D566323,7,2
10074986,7,4
8467502,17,17
5054409,5,1
7113315,9,8
7492043,8,6
D607189,6,6
4302777,1,1
10172948,11,9
4559805,12,6
11177857,5,5
4567488,13,6
7661967,10,5
7012665,25,11
6852406,14,7
8224489,9,9
9314559,14,14
5054098,15,6
D591265,8,3
7063274,8,6
7899174,6,5
7558149,14,8
4940101,6,1
5560120,9,4
D271743,5,2
4196530,14,14
6351990,4,2
9572062,6,5
D928216,8,8
11100188,9,9
8350707,3,3
D809094,7,5
PP31886,1,1
10471734,19,19
6644884,11,6
10213862,5,3
10500774,24,13
D341142,10,2
10049267,10,10
5427243,10,4
9032795,11,8
6818801,8,4
4505407,4,1
7678570,5,3
11070580,6,6
7950602,11,10
6441948,4,2
5633802,128,128
4858740,5,1
D722739,6,5
8896926,5,5
8160193,16,15
5552105,23,18
7370048,12,7
7242726,67,63
D860337,14,8
8548601,15,11
11189571,11,11
11357180,8,8
6973422,7,7
7764594,8,8
8955509,17,14
8977621,53,20
10878811,17,8
D470506,7,4
11260148,8,6
4897076,9,4
4123216,4,2
4985685,3,2
6765013,11,11
6456736,6,6
9485520,19,13
D792766,10,3
6772008,4,3
5303733,7,7
4284115,17,5
8765442,8,5
4908551,6,2
8917757,12,10
4949388,23,13
D852816,1,1
4640027,7,4
11034169,7,6
RE41315,0,0
7524349,24,19
10048809,11,8
11147976,7,6
D303430,7,2
11215215,18,7
9685049,4,4
10272985,1,1
6005239,16,9
8152684,3,2
5173166,7,3
4389956,8,4
8880106,13,9
11139678,6,5
9937773,11,11
7978247,16,8
7332279,5,5
10888332,7,6
6221290,8,2
8145789,29,27
7670906,6,3
4129821,11,10
8879242,22,22
7716863,2,2
5898347,1,1
8104164,5,5
5544587,3,2
6576015,6,1
11243953,8,8
8049697,9,9
10090321,38,37
D301085,9,2
D479584,8,3
7336226,6,3
4103856,14,3
6906092,0,0
8314722,4,2
D716096,7,7
5041815,5,1
10004618,93,58
5903919,8,4
10073800,17,17
D260860,11,2
5799606,8,3
4706587,4,4
10646400,14,14
5794642,1,1
8199273,6,4
4538036,3,1
7230666,46,25
10110336,12,12
8389105,9,8
7357947,2,2
8559689,14,10
5700133,3,2
10659064,9,6
7994311,17,10
9695070,8,8
10553019,6,5
4713584,1,1
4802557,5,3
7946867,4,4
6780200,7,3
7011444,60,49
7203495,34,32
8265014,6,3
5528057,12,6
9569933,4,4
6252932,3,3
9747699,23,19
9106211,28,15
7525013,7,4
9557508,26,24
5765526,9,9
10201288,16,6
8970960,25,20
5993263,5,3
8815529,11,7
4708286,5,3
9792646,7,7
5020341,2,1
7198700,1,1
D340171,6,3
D595386,11,6
5805209,34,31
6707618,0,5
7710031,15,6
D791698,7,6
D735572,7,4
5933549,14,9
6456187,15,15
7969683,29,13
9894494,5,4
9682180,179,52
10060875,14,15
D301110,17,5
8692419,7,6
D638649,7,6
11411127,18,14
10914192,10,5
4006526,7,2
7765545,13,8
8005412,5,3
5100340,9,4
5829649,7,3
9831549,6,6
7703112,26,22
5940728,22,12
8019664,5,5
11294914,7,7
10949582,4,4
8864872,2,2
6919086,6,6
5868813,50,34
4946293,5,2
10236006,31,18
11246612,14,5
8096237,1,1
5773599,10,9
7402969,7,5
D439077,5,2
6213640,4,1
6703797,5,5
8280514,14,7
5238640,31,18
6233396,7,4
D740131,8,8
8092180,9,7
11343198,22,22
4191399,6,2
D744358,15,15
10844554,27,25
8449175,8,8
6080013,10,5
7012857,19,17
D670977,7,6
4823258,7,6
7094731,0,0
10621367,74,72
4312333,4,1
5362157,12,5
4130821,1,1
10043280,25,23
6668630,5,1
D267146,6,1
D331119,5,3
4689146,6,4
8682234,25,15
10002836,20,20
8738720,28,21
4431917,6,4
D464630,3,2
D418401,8,3
D780590,7,3
8253242,8,8
10845991,16,16
5022108,5,2
10978974,15,13
5220393,3,3
5636784,12,7
8029384,6,6
7068833,27,16
D570467,5,4
8313194,4,4
5572594,12,12
5488674,20,14
11084291,19,14
4510994,4,1
11413479,3,3
6918431,6,4
11401558,37,27
7554922,10,10
8335418,7,3
10805384,5,5
10293333,7,7
11436924,3,2
4472928,4,1
4062522,5,1
4295038,5,2
9728332,5,2
8450766,13,7
4305988,3,1
5299580,4,1
4735870,5,3
10306281,4,4
10114121,21,10
10819833,13,9
8665228,26,15
D856581,8,7
9124866,14,14
10292303,2,2
10854629,53,34
5507872,2,2
6142243,11,8
D682341,8,8
10155051,15,15
4484765,12,7
9426778,8,5
7753899,7,6
10516048,14,14
D588395,6,2
8970300,4,4
4504758,5,3
10984942,3,2
10241676,36,36
D435557,6,3
8893694,10,9
4542435,5,3
9307365,18,18
4952248,2,1
9945717,26,12
5326677,3,2
10285003,55,33
D542816,6,4
9408511,20,21
5916526,6,3
10841722,10,9
5689453,2,2
7423658,25,13
10527243,9,4
5870540,2,2
7320555,5,5
8555188,6,5
5599242,15,5
8713705,7,7
6087815,52,29
9302195,6,4
4217614,9,4
7608008,5,5
10118842,32,24
8976836,14,13
10383691,14,8
5477355,19,10
9232134,37,21
4530373,2,2
8180924,17,16
4292093,6,3
8060109,4,4
7075670,9,9
9166035,4,2
7222290,8,7
6864406,10,10
9649708,12,7
4561870,3,2
6801666,23,17
9070684,8,8
D415984,4,4
9547513,4,4
6127795,2,2
D408828,7,5
6136658,34,14
4763845,8,5
10016526,8,6
6767344,11,11
7881180,124,108
9973379,14,14
9380315,5,4
7008343,5,5
10572830,14,13
6871985,6,3
9607182,10,4
4353279,3,3
D711104,7,7
5876740,2,2
9330063,5,5
10172352,5,5
10085490,24,9
5497158,9,4
D367523,4,3
8259061,28,24
4168105,3,1
8937341,13,5
9361071,62,14
4890869,9,3
9015485,5,5
9940319,9,8
6567186,5,2
7833191,6,4
D802684,6,4
D562512,8,7
4425057,31,8
5022868,14,6
8482510,10,9
10186803,7,5
6852905,9,8
9052329,19,13
4189339,6,4
8330461,16,10
10355866,6,4
7384323,14,5
6388332,8,7
10523235,8,4
10250856,6,6
6681688,8,8
4497759,6,6
10894071,9,5
10252339,4,4
5444650,5,5
10436992,63,59
7170296,7,7
10589763,4,2
5549242,7,5
4375409,6,3
11313219,35,20
4500029,7,2
D906319,14,14
4813369,4,1
5944182,7,6
6338367,18,9
6972002,35,35
4007100,4,4
10927548,8,4
10244360,21,16
D300176,6,1
7325194,12,10
7126687,4,4
6233387,13,6
10740589,35,35
D824688,7,7
4733752,9,3
4864142,6,5
5723237,5,5
10647287,25,11
D920644,7,7
4890279,4,4
D689080,6,6
8224502,6,4
10571499,6,5
8691414,11,11
4796441,6,4
10630009,17,8
D462052,7,2
7078242,29,21
4509499,8,2
8296808,16,14
3931910,13,3
10205904,11,10
7404120,5,3
D880478,7,4
4692339,2,1
8273826,17,16
8717796,17,16
10951274,5,5
9018525,2,2
8693473,7,7
9533121,12,10
7000636,12,5
6256953,5,3
D367713,3,1
10895731,6,6
8672928,15,8
6621447,2,2
9098147,33,21
7600283,29,11
10908180,13,13
11091475,50,31
8001511,29,14
8532126,6,6
9715505,22,22
8687300,10,10
8070722,23,23
8061116,5,3
8589821,16,15
4651269,38,8
4171249,7,4
9766426,39,14
10318983,9,8
8409069,14,5
7225813,2,2
6963336,111,46
5586495,13,6
9491731,7,6
8911876,3,3
9650861,7,7
4583555,25,7
6419948,20,17
5558020,11,10
9058668,5,5
7496962,3,3
6682330,9,6
D640436,6,6
D500252,8,5
6493516,65,26
D808863,5,2
8501302,15,13
9508028,5,5
9949849,14,13
4866488,6,3
D395136,6,2
7672184,7,7
9245974,18,9
5827561,3,3
8585023,38,36
8041641,7,7
4645911,4,2
6518446,0,0
9098174,6,6
4803427,3,1
10488343,17,11
D599854,19,13
9451006,10,10
8680922,8,8
4621462,5,3
7729665,9,9
7160051,7,4
7288751,17,17
6260590,7,2
9551611,15,15
5468337,30,16
D818548,7,7
10491348,14,12
4211628,7,3
7429407,6,5
9375175,12,7
7877300,5,5
7521229,11,11
6725635,32,22
11177898,35,28
8869946,7,6
8205243,6,6
10387375,7,5
9870099,16,11
6044100,1,1
5626870,3,2
8381099,5,5
10995533,18,9
6533543,62,33
9573850,1,1
7253572,5,4
5719795,76,76
6052763,10,8
7734523,14,14
10421471,5,4
5275611,18,6
10604635,1,1
6104179,10,10
7099233,17,12
9209314,27,7
8909166,8,6
9384755,4,4
10207385,78,43
4146680,1,1
9279958,11,8
3972273,4,2
8935384,9,9
4538366,7,1
5132958,5,3
9416269,1,1
4205526,9,3
6853645,5,4
6760420,37,37
4919690,1,1
10267218,6,6
9500935,18,9
7401267,10,5
9628796,10,10
8128878,5,5
7330136,10,8
9296355,6,6
8505722,11,6
8797363,7,4
8872431,5,5
8953750,7,5
10689083,21,21
7567494,8,8
7643215,5,4
5483060,12,7
D505368,6,3
8704146,8,8
7948663,8,7
9464413,10,6
8406919,12,11
10842700,53,53
10740679,13,8
5017209,5,3
9533596,4,4
D919909,7,7
5432787,2,1
8574484,9,4
5718555,16,14
5228311,3,3
9513730,13,10
10730225,7,7
5614528,5,5
9797072,1,1
6141874,7,7
D344550,1,1
D655433,8,3
9453418,5,4
9692536,18,17
7441877,12,11
10822175,9,7
7124355,9,9
6935023,10,5
4460854,2,1
D896274,8,8
4054482,4,1
5134406,1,1
8503782,14,9
7121242,12,7
5431434,14,4
D818284,8,8
7877527,5,3
9223223,23,12
11444570,13,13
10161821,4,3
11394838,11,8
7426978,20,10
9542012,11,5
5303828,2,2
4679349,7,1
6405550,5,5
4998607,13,3
5029829,3,3
7489178,9,3
8690622,10,7
6481218,2,2
7011086,7,4
D275852,7,2
5243018,2,2
D587205,7,6
7903484,19,19
D415957,6,6
9316790,4,4
7791943,39,17
6005653,12,7
6270321,2,1
5859828,9,6
10547813,3,3
8810718,5,5
D386007,7,4
5350509,5,1
9784543,6,5
4196397,3,1
5545308,17,9
7830752,6,4
D483227,6,3
8684862,28,12
6638349,0,0
D616235,6,5
5516226,5,4
10337836,16,9
5513485,5,1
10805467,18,18
7171678,6,6
4523583,10,5
4546726,3,2
5781969,12,8
9589184,14,11
7336173,12,10
7492340,30,26
6578239,10,7
7339530,5,2
5102143,4,2
8534011,17,16
10732399,61,53
10688739,12,12
7222965,27,13
7421416,17,10
7524820,2,2
8408710,9,9
7616820,4,2
9862828,28,12
10648494,7,4
7021901,8,8
8199608,5,5
D921236,7,7
D593267,6,2
10622045,35,22
3943430,36,7
D462278,8,3
8443728,5,5
9602908,13,4
D481225,6,5
7351056,3,2
7047614,7,6
10256842,10,10
6791349,4,3
7730656,17,5
4075935,2,1
D499077,7,4
D654097,2,1
6414009,0,0
5817162,11,2
9297182,5,4
9990112,17,12
4114716,3,2
10236147,20,8
4674389,13,4
7816996,17,14
6370528,14,14
10978362,19,11
4290034,3,1
10347807,19,8
6663607,11,4
6256488,2,2
10072954,12,9
8934659,3,1
D753422,7,6
6704766,4,4
6544585,40,29
8764322,8,6
7994747,6,6
9070677,14,11
10591251,43,26
10807827,19,14
10800178,13,13
6468567,15,12
10519694,16,16
7710506,39,28
9974656,18,9
9718092,1,1
10625204,8,8
8448198,5,5
11230658,46,40
11286843,7,5
9653985,8,7
9698041,8,5
6811801,5,5
5260189,21,20
5703608,10,10
7872768,56,41
9217595,6,5
4615931,12,3
10078526,21,21
6701718,10,10
6552398,22,7
9046547,9,3
11357859,1,1
7530437,26,23
9076775,5,5
4864878,7,3
4997552,2,2
8431295,1,1
PP34514,2,2
9468087,20,13
5317849,7,3
8972425,9,9
4998945,27,19
9654202,18,15
11081235,25,24
6184135,24,6
11035827,17,8
D395568,7,2
5322155,6,6
10520173,10,10
8092461,22,17
10003641,15,11
D328599,1,1
9773525,12,7
3957939,4,1
7597868,11,3
6150593,4,2
9832084,11,9
6246166,5,3
9133980,10,8
9325177,4,2
7805692,18,7
7851094,3,2
10416348,53,24
9029376,1,1
5678226,4,4
8296180,12,11
PP14936,17,1
D333456,5,5
D813452,7,6
11209524,10,7
11087201,4,4
8711981,6,3
D672520,6,6
10067735,53,53
9042777,51,37
4268912,11,5
6832427,5,4
4694373,11,10
6768483,10,6
7932698,5,5
11237229,23,14
11193434,3,3
9699003,4,4
6797373,0,0
9806426,12,5
3987879,6,2
4146744,11,7
9785710,5,5
D316049,5,1
6312809,7,5
10786303,17,13
5570644,5,3
10280758,5,3
5908302,9,8
D566920,6,6
D573814,6,5
5641355,5,4
7540918,4,2
10458504,17,7
11381334,17,12
D640774,6,6
9800216,8,5
9985367,40,29
8489155,10,10
8807209,23,11
7856388,7,6
8727814,6,5
7829278,1,1
7811040,12,6
7582076,5,5
5434982,4,2
8235250,9,9
10931357,4,2
D662453,7,7
8155312,25,24
6673681,10,3
8451982,6,6
7298848,16,4
6575703,6,6
4525159,6,1
3961708,5,2
6702529,5,5
7069377,6,6
7095080,4,2
10040474,4,4
9854569,19,19
7344719,20,20
7308845,5,4
7791408,5,5
D529368,7,7
10410015,7,7
4738296,8,2
6068755,12,9
4143406,11,9
9106274,9,5
9234776,3,3
8190944,5,5
8022798,20,13
6490001,18,14
D870817,7,7
5827536,1,1
8521811,10,10
D496878,7,3
6406512,0,0
D656689,4,2
4781594,2,2
D914273,7,3
9135843,24,17
4735173,15,6
9510146,9,7
9653760,5,5
7963322,11,6
6421468,16,8
8254655,3,3
8500765,65,35
5841337,18,7
11067048,3,3
5336867,4,2
10698705,10,6
6693607,8,7
9256463,7,7
10857013,114,33
10512330,13,13
11270436,8,7
11035326,5,3
9044652,28,13
8966607,6,5
9867005,5,4
D915435,18,18
8693369,11,9
7738543,12,7
10464352,6,4
6526847,5,1
4715358,12,6
3983963,18,8
7656521,6,2
5107074,4,1
7529409,8,4
7335981,6,3
10770857,16,15
8086730,4,4
7910357,7,4
10676787,15,15
D837964,7,4
8091646,11,4
3990975,6,2
5405468,8,5
4621707,2,2
D469924,4,1
7830595,25,14
7085973,11,10
9109802,7,7
10921782,25,17
4862704,6,2
5437636,20,8
8661894,8,4
6901213,5,5
10128399,16,12
5617015,10,6
6652000,2,1
8169686,27,15
7410450,8,5
9134193,12,9
8150586,2,2
6667694,8,8
8872118,13,13
8584895,26,20
6656424,5,3
6140237,4,2
6414213,0,0
5917879,4,2
10881766,44,44
6641417,4,3
8361820,96,41
4705662,8,8
5261808,4,2
7219561,47,35
4481484,1,1
D749615,1,1
3964648,11,5
7771547,9,5
7983880,8,7
8776921,6,3
4593404,5,1
D889520,8,8
6414031,0,0
9124957,13,13
10169078,4,4
8232050,14,14
D524618,8,8
10443192,6,6
4114819,8,2
7042301,13,6
4110604,11,7
7261453,23,18
5614941,27,18
6462591,12,12
D555416,8,8
8417164,7,7
5043128,8,2
5176687,24,6
4131293,6,2
5575747,19,4
5628297,14,10
5924235,4,2
10289302,12,4
7102716,6,4
4153828,6,3
9463536,37,14
D866183,5,5
D773043,8,5
D833598,7,7
10333836,8,8
5131118,5,3
8710728,10,10
5042268,1,1
7952979,25,20
10187017,6,6
8431231,5,3
8045557,5,5
4081189,7,2
11050486,6,6
D665244,12,12
7070154,4,4
7002280,12,10
7486270,10,5
9525999,7,7
10091135,11,9
10651272,41,37
6803577,9,9
D865820,8,8
8222868,10,9
11174059,10,10
7573753,25,12
9331098,21,9
10167608,14,10
6425316,6,3
4156961,16,9
8815325,2,2
6192366,5,5
10276435,5,3
6001735,6,2
10543707,6,2
8739513,9,8
6132233,9,5
8746468,24,8
11383189,11,11
10176325,11,5
5619026,5,3
4472221,7,2
5524827,7,4
10642251,3,2
7209495,13,9
10068783,5,4
6005542,13,4
9581297,24,16
7243756,8,5
6889128,4,4
8983813,29,29
5681701,26,25
7432038,7,6
4003465,9,7
5350600,36,15
7900868,18,15
6518993,12,12
9870428,20,19
5129879,5,2
D338680,5,3
6057063,11,10
6290607,21,12
7365464,8,4
6899283,14,14
6635868,15,8
8254780,17,17
7372716,5,3
4352712,4,2
4887304,4,4
6802499,7,5
D877902,5,4
8891761,12,7
10340227,10,8
6712398,4,3
5249419,4,2
8909321,10,7
5329060,3,3
4061144,4,1
5583569,4,4
9034682,21,11
9451462,27,27
D615446,5,2
10828586,7,7
11259599,38,29
7355805,8,8
4290652,11,10
10348613,7,3
8671887,21,10
6829286,46,22
9325226,7,3
D667082,8,7
10265574,11,9
9924351,8,6
9843541,4,3
8243916,5,4
7509790,11,11
11336684,11,8
9330545,22,21
7628222,13,9
9415879,7,4
4427711,14,4
5618086,8,4
4178357,1,1
7217183,9,5
5595229,7,3
7242360,7,4
6048178,5,5
8912547,46,32
5276333,15,9
9649696,7,3
10012607,4,3
5777493,3,3
6667156,15,15
7785987,299,122
9292542,15,11
5395369,4,8
9044114,5,2
10632746,8,8
D243457,5,1
4146207,7,2
9517088,8,4
6832691,12,10
8484799,16,16
5936834,3,3
4933930,11,9
D491224,7,4
5404293,4,4
9458934,1,1
9525783,3,3
5609269,13,5
10005625,6,6
7916625,6,4
9289623,10,10
8878794,91,68
D702695,7,7
PP5974,3,3
6894333,30,16
8988272,14,9
6543064,18,4
7341047,20,17
10966166,12,3
7489698,4,4
4869739,8,5
4605951,7,4
8681371,19,17
7804434,19,18
5297737,5,2
9228267,2,1
3933212,10,4
11022546,15,11
4849827,6,4
7085779,8,8
7741949,7,6
9210473,3,3
10117834,8,8
8979069,5,5
8632865,2,2
9873382,6,6
4590348,2,1
7054024,2,2
6163976,19,15
8375686,20,15
5525145,5,2
9845692,5,4
8735546,1,1
4059195,3,2
D479297,8,2
5673015,12,6
5496005,4,1
5703930,5,5
11097579,15,12
8863786,8,8
7713395,21,13
6916538,6,2
D841366,8,8
4065771,1,1
5040455,6,2
4387436,13,9
9239530,4,4
10817609,4,2
6652738,1,1
6397254,154,114
8450605,12,12
6582954,7,7
6375111,27,14
11292740,5,5
11179584,5,5
D733907,9,6
7631021,5,5
5223663,13,9
D340376,7,3
6651458,3,2
6391971,3,3
4630581,16,5
5868917,7,7
10672732,14,13
10758033,12,6
6422331,9,9
4463643,22,6
6528828,8,5
5875726,5,4
10753062,15,15
D585920,8,6
4873621,4,3
10439576,19,17
11371519,9,8
11028763,9,6
6164951,4,3
7385693,41,34
10678589,9,7
4369055,4,3
7038881,24,12
8410458,1,1
9923684,16,11
6029654,5,3
7886878,18,6
D432191,7,3
D338813,12,6
10674862,6,5
4874149,6,2
PP23849,6,2
4930728,10,4
7868789,12,12
RE34789,17,5
8330245,13,13
9755190,11,9
10454360,11,9
9213495,18,18
9444987,10,5
9840281,17,9
D360231,3,1
10311378,13,13
11158192,9,6
11328988,22,14
D573039,14,6
D306906,7,2
5961112,8,5
9399159,6,6
10085002,10,7
4036382,13,4
7229154,103,76
11007945,33,20
6255824,8,8
8757020,1,1
D715030,5,2
7426640,17,5
6079442,16,8
8450946,5,5
D285908,5,1
5836877,5,5
6954680,7,6
5596676,32,29
10955618,6,6
D526267,3,3
7532881,6,6
4520343,24,6
8520787,27,19
4809539,4,4
6629653,2,1
5162097,12,7
D644666,7,6
3955677,4,1
5239348,10,10
5782699,6,6
8376017,13,11
10998334,17,17
11190860,13,13
5194917,4,4
PP4558,4,1
5675367,44,27
4947062,5,5
6952441,2,2
8669454,13,13
8402431,7,7
4967644,2,2
11024212,11,11
6155708,6,3
6425107,16,14
4046559,3,2
9336266,17,15
10354996,19,12
4911130,8,6
PP26044,3,3
6985003,2,2
9125383,9,4
9931701,9,7
5996093,5,3
8511846,20,12
5203490,11,3
9687066,14,8
6520665,10,6
4237581,4,1
6842566,7,5
10212596,6,6
10897363,13,11
5264015,9,9
10401680,3,2
4564351,4,1
7301142,45,12
8333909,10,8
9308148,21,19
7162785,6,6
10352939,7,7
4275271,5,3
7471273,9,6
4446966,3,1
5174663,34,17
8734802,16,16
5492704,6,6
9336740,78,76
8926110,12,6
4943191,8,2
4642717,4,3
6232331,2,2
6958849,9,5
5805041,3,3
5656081,10,6
8729671,19,5
9881233,7,5
4056311,26,8
9188840,13,12
10679675,5,3
D634014,5,5
8730294,7,6
9627472,9,6
9328360,9,6
5894315,10,9
5491282,5,4
6546356,6,4
D753601,8,8
PP21043,2,2
11160215,10,3
8636830,32,32
5298571,6,3
4386993,7,4
RE42452,4,2
D325876,7,1
9062767,4,2
5997326,9,4
9251989,7,7
7254888,6,3
D451142,6,2
D648994,7,6
4020618,8,5
5715188,9,8
D489008,6,2
D789973,1,1
4330745,8,5
10444586,35,35
5748333,12,12
7761852,2,2
9149995,9,4
D754973,9,3
3968451,8,4
7422242,6,5
3983399,21,6
5533880,29,11
7226314,16,9
4084948,7,2
9966629,6,6
4558320,3,2
5389084,3,1
D563770,5,1
5820419,14,13
D325337,5,1
D587218,16,6
9395845,11,10
7700251,10,6
7524428,18,5
9398356,33,9
6832813,16,8
7098286,31,28
5134738,3,2
6452131,24,17
7207445,7,6
7884467,12,9
6731918,6,6
9632550,6,5
11429551,12,9
8663004,7,7
7055601,3,2
4580094,4,4
9078666,32,16
5905178,2,2
5559741,6,5
8996128,11,7
8787858,7,7
D737028,6,5
8310264,10,8
9884436,16,5
10709643,34,22
11403006,12,12
8932296,14,10
6372533,3,3
7542231,7,6
4848939,3,1
5876673,11,3
4272173,8,4
6788566,6,6
4328427,6,5
4365522,5,4
9234116,1,1
D909617,6,4
4767708,3,4
5009431,7,6
6177169,15,8
5887759,9,3
4684616,2,2
9445480,29,29
10081731,1,1
4540362,4,1
9718020,16,8
6407758,26,23
8186614,2,1
10628031,6,3
5759684,8,6
D922133,7,7
6619003,6,5
5739543,10,5
10714001,42,33
7584027,8,4
10512945,7,7
5920376,7,5
7329845,14,12
11152840,20,15
6296438,3,1
5195094,5,4
10080233,2,2
9063125,25,7
D451288,7,3
5446724,11,5
4176984,8,4
8352396,6,5
D778663,7,7
7150414,11,6
5331161,19,15
8002984,14,11
4403391,23,11
7481000,7,3
4004699,7,3
6862523,7,4
7342098,550,550
11089014,6,6
8537066,14,8
7451911,9,2
7449047,2,2
10735745,14,14
D866511,7,7
6962779,0,0
D738216,7,7
10538886,6,5
5829679,5,2
D543076,5,5
4724036,4,3
7174802,8,6
9917271,28,17
D330555,5,2
D673100,2,1
7215433,21,17
8699096,33,18
D832444,7,3
8332146,5,5
10337630,16,8
8889307,9,9
D287095,5,1
6534098,0,0
9412365,5,5
D485540,11,6
4374305,7,3
6839805,17,17
3933137,10,8
10803415,12,12
6671326,8,4
5893930,7,5
7428716,5,5
5616351,2,1
4527836,3,1
10677592,6,4
D537545,3,1
5359793,7,2
7550850,13,13
7268696,9,6
6947062,3,3
9813531,8,4
10991894,11,6
D468009,7,3
4472971,10,4
4877488,11,10
D558416,6,6
8663625,29,15
6462955,8,8
9927515,11,9
8684079,4,2
7878804,4,3
6580441,25,22
9712684,6,6
5067201,9,2
7471737,21,10
9031690,19,16
10397729,17,11
7427403,10,6
6533753,15,9
9433198,21,6
D495436,5,1
4108768,2,1
8317883,5,5
11329815,8,8
7276803,15,12
6434482,7,6
5810723,7,5
11025598,15,12
4612626,3,2
6879465,18,15
9239294,30,11
5473813,30,7
5663558,9,7
7114866,23,16
4865702,2,1
4302918,2,1
5087423,5,4
9915402,29,28
9040417,10,8
9696585,15,6
11295646,6,5
10777727,19,11
7804391,8,6
9034626,20,21
10898098,41,22
6828047,21,15
5549776,4,1
8961826,1,1
9477929,17,16
5541476,12,7
10337115,20,8
11155533,37,40
9159118,21,9
D879140,7,7
6097381,9,4
4643250,3,2
4917949,3,1
9966696,10,5
10943611,7,7
D699817,7,7
7678984,8,8
7571367,6,3
6495008,18,11
6997477,1,1
5139126,5,2
6493710,4,3
11275560,6,6
5862177,4,3
D700429,3,3
10044752,27,27
6122151,4,4
3938288,5,1
6934855,6,6
11132865,8,8
4962563,7,5
10767093,3,3
5575774,5,3
10229622,11,7
10882360,7,6
D294701,6,2
10689844,49,21
8914093,53,35
9794291,4,4
6910048,18,25
6735975,8,6
5660817,4,2
10900597,9,4
4929048,8,5
D408206,7,4
5017514,21,7
8217377,12,7
11031284,13,13
8505421,27,10
7619775,55,22
7761456,10,10
9854072,11,9
4441025,4,2
7790494,31,18
8437751,7,7
D638404,7,3
9424592,5,5
4514727,6,3
6370337,6,3
D505051,6,2
9301328,19,19
4305485,4,2
D676729,7,3
11296073,8,8
D506548,14,8
4197581,20,17
10704887,4,4
10057398,7,7
4314713,6,2
8659423,6,6
5681987,14,8
6039043,17,7
4428973,1,1
9790948,4,4
8040959,8,4
D630852,14,12
10623680,4,4
7748363,7,7
10048105,8,6
6666091,10,7
10834611,8,8
9133642,5,4
5711567,6,2
4516245,4,3
7445737,9,7
7953793,15,10
5395422,12,12
D533048,4,2
D838616,6,6
5904309,17,9
D558895,2,2
8963930,6,6
8109590,18,12
5410720,12,8
10226181,9,9
8496015,4,4
7812556,14,13
8163508,20,15
10292129,4,4
9782380,39,8
10321869,10,10
D723647,10,3
5230522,19,8
7211055,102,56
5656880,7,3
11278050,3,3
6380289,1,1
5079675,10,4
8609531,10,4
8887737,1,1
7414779,49,44
6876956,37,14
5021135,1,1
5415990,1,1
D538020,6,4
10717005,10,9
6805814,0,0
6452509,4,2
4969778,8,2
5517456,4,4
8465947,4,4
6977588,36,24
7094967,5,3
10483899,4,2
9816669,3,3
5305906,51,16
10457035,3,3
7268775,11,8
6818479,17,8
5173616,5,5
4158029,5,2
8222839,15,12
6723102,11,11
4480384,2,1
9967710,2,1
5521565,8,4
4489762,3,2
9519773,7,7
11329883,28,18
4108403,12,2
5869183,13,6
6048169,1,1
D877667,6,6
10037224,8,8
8122896,8,7
9104013,21,11
11353723,15,12
10292095,5,5
9060528,21,15
7675857,9,5
10216100,13,8
D368254,11,11
10673178,7,4
7852344,15,13
8632331,6,6
7793665,16,6
4140626,4,3
D309397,5,1
10406212,13,13
11155806,29,21
5961673,1,1
D624781,7,5
8157534,2,2
5277673,29,16
9398402,6,6
4196854,3,3
5363079,8,5
D567302,8,4
10388712,14,14
4511933,13,7
D537800,6,5
11027817,19,3
11038016,11,8
6964520,14,12
6811457,17,11
7985193,23,13
7845902,8,6
6188334,9,5
8599927,27,20
9266923,4,4
9097795,11,9
8328927,2,2
8543364,58,33
7321016,4,4
4581503,5,2
9965898,6,6
5333694,14,7
9405092,8,6
10153697,9,9
6249123,5,5
4702452,3,1
9065615,15,11
10868080,6,6
5553593,32,23
10305496,28,23
8508627,21,16
5368036,3,3
9247613,7,3
9186196,16,12
9715860,8,6
8813698,9,9
10240233,4,4
11374491,20,16
6908870,1,1
9869961,3,3
4694944,16,3
4906941,29,13
5092097,7,2
7134029,6,6
5125044,4,4
6951719,7,9
5551319,8,5
8462680,1,1
5193236,9,6
8164740,14,10
11273354,22,17
6998096,16,12
6618625,11,4
D394257,15,9
10590612,10,10
10857344,12,12
8109306,6,5
7630041,4,4
5954846,9,4
6214599,26,25
8912973,15,12
10899047,13,7
10625693,10,9
9889450,3,3
6325757,32,22
9150733,1,1
D664406,11,7
11412025,15,15
10989472,9,9
6636256,2,2
6203184,14,6
8136498,13,13
10816109,17,11
10821592,3,2
10162319,6,5
9178163,6,6
6796366,3,2
D338753,7,2
10018215,82,49
4018525,2,1
6450328,7,3
7215601,17,17
8667093,6,4
5347743,25,8
4083336,4,3
11089641,11,11
10432606,11,8
D332841,4,1
11422273,28,20
9815545,5,3
5641537,2,1
4977299,10,3
7869615,5,5
10625464,7,6
10809065,5,5
8184210,11,9
6564204,56,28
9646585,21,18
D947520,14,14
5706538,11,5
6901428,6,6
D461075,6,6
7093855,6,5
9071564,3,3
6048725,4,4
11288590,9,9
6975325,6,5
4179596,1,1
4564883,4,1
11321091,2,2
D778554,3,3
5642241,49,19
7342352,23,23
8261031,34,27
10387786,20,17
D756445,10,10
5909834,16,3
5322321,2,2
6645812,6,3
9608230,13,5
6879381,6,6
11455987,17,17
5215178,4,2
7357377,4,2
10014556,9,7
8132457,27,24
8608967,8,8
11161876,28,25
6476194,6,3
4059872,4,1
4590876,7,6
4797703,4,2
6706320,9,6
5437910,6,3
11189197,17,13
9169677,8,6
D703628,8,5
8929721,20,13
10437446,152,149
9801295,7,7
10672699,18,18
10998096,8,5
8050044,3,3
8113792,7,7
8986552,2,2
10422619,5,5
9469063,5,5
5606184,10,3
7493121,4,3
11226566,5,3
11333016,8,8
6932434,4,3
7363931,22,10
11378885,21,5
D934115,13,13
8722034,5,5
10336644,24,13
7902143,7,7
5473377,3,3
4949812,18,8
7052126,2,2
5116424,7,6
4040056,1,1
8581273,11,7
9852881,41,18
6407257,0,0
D670096,9,9
7105162,25,24
D391977,16,14
10389551,8,7
9518401,10,10
10644721,7,7
D828219,7,5
7707657,13,8
7379163,8,6
6627351,5,4
7613041,42,35
4440192,4,2
10901457,21,15
6772392,9,4
6142907,12,11
4897544,18,8
6395829,0,0
6426651,7,4
7917759,5,5
8523865,12,7
5944228,21,12
10977016,13,12
8322488,22,15
7198251,6,6
5050753,5,2
11088482,7,6
10876847,8,8
6877445,4,4
7383470,5,5
5642927,14,6
4664444,5,4
11444822,5,5
D849265,7,6
7763546,21,13
9089673,18,13
9779655,13,12
8337183,3,2
D856122,7,4
6732282,13,8
8002278,12,8
5935007,4,2
10387423,31,29
5926599,9,4
8017641,61,61
4542644,5,2
7548960,9,8
7221672,10,4
6601192,195,123
3986724,3,2
6872008,21,11
10548421,7,3
11105871,7,5
8334965,92,92
5542774,12,7
6769394,1,1
11290510,7,5
6336077,6,4
4904533,8,3
7093138,3,3
10039743,5,5
9218820,6,6
9360076,5,2
5600805,19,12
8502752,17,13
8108441,8,8
9968798,14,10
10915444,7,5
5628245,2,1
8175420,7,7
D247792,4,1
11450944,14,14
5349385,3,3
4014727,1,1
7207369,4,2
5718428,6,2
6276494,18,10
5958176,2,2
10073802,16,9
10211789,26,18
10834355,8,7
9199493,2,2
11298689,16,16
7369050,4,2
6985029,4,2
9190705,38,16
6129635,5,5
D617917,6,6
7714046,2,1
4829495,7,4
8710503,7,4
7014878,4,3
4331060,2,2
10200910,7,7
6404288,1,1
7268853,3,3
7470216,13,9
9835585,14,14
9729153,8,8
D634907,7,4
6258114,5,2
9246574,10,10
10202869,6,4
9855944,6,6
10313302,9,9
6046841,15,15
9984732,11,11
8186089,7,7
5787124,3,2
10887671,8,6
6847099,10,3
7083739,16,6
8322063,15,7
8030713,5,5
7714109,74,53
D436209,4,1
4380056,23,11
5747345,2,2
D601818,7,7
10747514,10,6
8778599,10,2
7308556,11,11
6110296,8,5
5963376,25,11
6551133,8,4
7746822,9,4
4138661,5,4
6477965,9,8
7131117,3,3
11130132,26,10
9447602,5,5
7240277,11,6
6516488,7,3
10776346,7,7
8235059,14,11
7613381,8,6
10060271,6,4
D943277,9,9
D954454,10,10
6502806,7,3
7150326,35,10
10651581,16,11
7678174,10,5
10400052,2,2
4660790,4,1
4884551,16,4
8305252,21,20
9864545,12,10
7679378,3,3
8328645,4,2
8829722,8,7
4663493,3,3
10336320,5,5
10555825,21,15
7376691,6,5
10066951,15,14
4591148,6,1
10787678,8,5
6586870,17,6
5593236,18,11
D534536,7,4
6305789,54,23
10520022,8,7
6927585,24,10
4895731,2,2
7047469,5,5
6517463,28,14
8372396,44,34
7632024,8,8
7421990,6,4
10265382,26,15
D393393,6,2
8800441,14,8
7116903,3,3
11123913,18,4
10415677,3,2
7245076,15,7
7978971,9,4
8894218,24,17
6272855,5,4
10582802,26,22
8108205,6,6
8857437,15,15
10204749,6,3
8878371,10,10
8952554,10,5
9730955,4,4
11273214,44,23
8232176,20,12
9277208,6,5
8562713,21,18
6319761,26,10
11257311,7,6
10601057,6,6
8285090,5,4
7458821,14,13
10336798,68,68
4209032,10,3
8982014,5,5
7333314,10,7
D386600,4,2
11192248,14,14
D826805,9,9
6576376,5,3
7153950,2,2
D442013,6,6
4693474,7,2
5980596,5,3
D380052,5,1
5992968,17,11
11431826,3,3
10052337,77,37
8757345,10,9
3976977,20,13
9132678,5,4
7390781,9,9
6842934,4,2
10572195,7,6
4840169,2,2
9613133,4,4
6525444,6,6
11085728,59,57
11430793,29,17
4203080,9,4
4903711,8,2
9028886,5,3
D942600,7,7
8792793,29,24
10784243,18,9
10539172,9,8
6323822,8,6
7313433,15,11
5506874,11,6
4964731,5,3
7540376,9,5
4870319,6,3
7536628,12,12
D818769,8,8
D794111,7,4
9791953,16,11
4663070,1,1
7902014,18,6
10340719,5,4
8291271,8,7
7118989,11,7
7963312,11,11
10460928,7,7
4536759,23,27
4191312,4,2
7278823,14,14
10241979,9,9
9119573,9,4
10710219,26,15
7055901,8,7
4371182,5,3
11096689,73,52
D483125,7,4
8439363,5,3
8530494,11,11
5629485,30,18
9249454,56,56
5755617,11,5
10741676,38,38
7269599,4,4
11236289,3,3
4227777,3,1
10194172,14,11
10513160,26,14
7248104,4,4
11068136,14,14
10703635,2,2
7211335,2,1
8897715,7,6
D753164,1,1
7175309,12,8
6705955,1,1
10663411,10,10
10295636,15,12
4972685,10,4
9337743,6,6
8736038,4,3
8009741,9,9
11212539,24,24
10761649,22,15
4586240,7,2
6755017,6,6
7887353,44,13
7382880,7,7
10641712,1,1
9255788,8,6
5761815,4,3
D562916,7,7
8197216,5,5
8342591,5,4
11376979,37,31
9160441,8,8
D382495,6,6
10058352,11,7
11128133,4,2
D521601,7,7
4361093,8,2
10794339,4,3
10958579,11,10
10037012,11,10
6151861,3,3
9470442,11,10
D930042,7,7
10536681,65,39
5686119,13,6
7999636,14,8
4281870,15,4
7063962,2,2
D559359,7,4
7323064,5,2
8364931,19,19
6583839,19,16
4097565,3,1
D373150,6,3
D918452,8,8
4635860,3,2
6085323,41,21
D446926,6,2
9193896,11,6
4694542,17,3
D370512,7,3
9845171,35,9
11270944,36,36
9514667,8,8
11018639,7,7
6747984,6,5
11118666,8,5
5684828,15,10
10196267,23,12
D518672,5,2
7048721,2,1
10642401,5,3
7506776,8,7
D760516,7,7
7517093,5,4
11331414,18,12
8281719,6,3
6452313,8,5
10093676,9,5
5966072,26,21
4312384,1,1
5853994,9,5
9748323,7,7
9114554,6,6
7335866,4,3
10711816,19,5
9677629,8,5
6984932,4,3
10764846,29,22
6664639,26,12
8549141,14,6
6361582,37,23
5960254,3,1
10675494,2,2
10676235,15,15
8617295,8,4
7648824,12,22
8123394,4,4
8163340,3,3
D397288,7,3
PP5114,1,1
9730481,9,3
10702960,16,6
D334599,4,2
4573820,7,2
5992515,3,2
5492178,1,1
5837397,1,1
6970836,6,6
9681675,8,8
8587489,22,20
6949785,13,7
9952776,10,10
9347480,4,4
7034641,4,2
10273281,16,11
10996208,50,50
5188423,3,3
6356129,21,14
7827479,14,11
D344636,6,2
7486796,4,3
9410261,22,22
11078099,5,5
5535631,6,3
5606905,9,4
7872758,4,4
10962359,6,6
D582700,6,6
9888274,13,13
D668100,6,6
8120084,14,5
5763801,9,9
4274635,7,2
7912536,10,9
D664858,8,8
4440257,5,2
7984500,12,12
6589107,6,3
5226936,4,2
PP12604,3,2
10466061,12,11
8088983,11,11
D666219,8,6
10769671,11,10
9208830,13,9
4137122,1,1
10000556,18,9
D656615,7,7
7043320,10,10
6500869,0,0
D514838,7,4
6498466,6,6
7891504,14,7
3940103,8,4
5650932,12,7
7895463,22,22
4901185,12,7
D908121,9,9
D754546,4,3
7047568,6,5
10357162,62,53
10931825,7,6
10307644,14,14
4916349,7,4
4409622,6,2
7220260,5,3
11344638,3,2
D956950,7,7
11323405,2,2
D284193,5,2
6653532,4,3
8187813,9,7
10147826,10,10
5250869,33,21
8632599,22,14
4289093,4,2
5279738,26,11
10300478,6,4
7866899,39,38
7110898,6,6
4794818,18,6
8699293,18,15
D802006,10,10
7421803,20,10
7121055,7,3
6770901,80,26
9494996,5,5
10825883,12,9
6175329,7,7
7991377,7,4
7415411,2,2
5345241,5,2
D962658,8,8
9583730,9,9
7488620,15,6
8854793,18,5
9717321,13,13
D274920,4,1
6142650,10,6
5424988,3,1
4068061,1,1
9428327,4,4
D590354,9,5
10342309,25,20
8285803,5,3
D249803,5,1
6430330,7,5
8615358,6,6
8893609,8,8
5777531,3,1
7614222,3,2
5217694,8,5
7967887,15,7
5984255,3,1
4205579,2,2
10378529,23,14
6603744,11,8
11153180,13,13
7275336,9,4
4361069,6,4
10959125,9,7
10339346,13,7
10530497,9,9
8575757,23,22
8590199,24,17
9726213,11,6
4713048,10,10
D652501,7,7
10070005,5,4
11362124,19,7
8950931,17,17
4392565,3,3
9102059,14,11
7437432,5,5
5151695,9,5
8047906,14,10
6559074,4,4
4460247,8,4
D372524,5,3
10738765,6,6
D364672,6,6
10326675,42,40
8949921,9,7
D340605,6,5
7514956,6,6
10067523,14,8
9380110,4,4
4138639,1,1
5983644,4,4
8622380,15,11
6765816,2,2
8153115,3,2
4977658,5,2
4048597,3,3
7684672,11,10
D887582,3,2
10600843,13,5
D782804,3,3
9368086,3,2
D447433,8,4
D756491,7,5
7488442,19,8
5372487,10,4
6074045,17,8
4236554,14,8
D555237,6,6
D535979,14,6
11144350,7,7
11173043,98,39
D649496,6,3
8066229,15,11
8603933,2,2
11223346,11,11
9021395,37,31
11163663,4,4
6005730,13,12
10384764,6,3
5914307,1,1
6361583,37,23
7362513,20,13
10538166,9,9
9700312,45,28
5509791,9,4
10055687,8,7
4718225,6,3
7219205,11,11
6959805,4,4
D715770,7,3
7667891,5,3
10684560,35,22
4875104,19,13
D575623,5,2
8712794,35,35
7838640,3,2
10254998,26,22
4437690,4,1
5867335,8,8
10874401,20,6
10203185,5,1
4080024,6,1
4619676,3,1
5102290,10,8
4658725,3,1
10886403,24,15
8657664,72,50
10605751,19,14
D657912,7,4
6500262,11,8
6858457,20,10
9889354,25,25
7253680,12,12
5239202,5,3
8670404,18,16
8159667,19,11
8719459,9,9
9760051,9,8
D863419,8,8
7511214,15,13
4450406,4,2
5271304,6,6
4759404,3,2
8675858,11,9
5459413,12,4
5302358,6,3
7356264,3,3
6142356,12,9
9654887,4,3
8640823,1,1
6371784,9,9
4201334,4,1
11222455,28,28
6069599,17,17
11214906,18,15
D579612,8,6
8489096,10,10
6427923,2,1
7402915,6,6
6659568,6,6
D502196,8,5
7870674,4,2
9157539,11,5
7561535,9,9
D712607,7,7
D874156,7,1
5878461,12,3
6469760,0,0
4850279,4,1
D532332,5,2
7900354,12,12
8293335,5,3
9522330,11,11
RE29631,7,2
D350743,15,11
4199907,8,3
10252822,9,4
8826805,35,16
4947719,14,4
9625839,5,3
5657635,3,2
4891619,6,2
6272358,2,2
9072907,131,59
8871181,22,12
10941988,29,19
5267734,3,3
8483493,5,5
10170031,10,5
6691059,5,3
8747447,38,17
5385849,20,8
8223446,4,4
6183096,20,8
5169351,8,4
8650610,12,10
D297103,5,3
10581626,13,12
4167772,5,2
9987131,8,5
6218802,15,10
10092767,7,7
7844584,15,13
6888120,18,13
4860404,6,2
10558806,3,3
9442356,28,17
10565405,27,25
6171527,10,6
4823777,5,3
6269778,9,6
11156796,21,13
10505270,7,7
7827541,11,5
7416810,10,5
4408151,4,1
7784750,10,8
9778363,19,12
10034171,8,8
10627976,11,9
11344308,26,6
7346537,5,5
4316768,2,1
6357613,4,1
4227989,1,1
6903670,3,3
9769513,16,17
D768300,10,10
6783655,0,0
5769127,12,6
4380213,14,7
8864538,4,4
9233645,164,122
9985754,16,16
5515609,12,2
5093183,8,2
6579362,3,3
9990589,6,6
8464136,5,5
11041692,9,9
9420322,16,12
9631039,12,10
9315790,14,14
9946801,6,6
8335483,10,4
8157732,30,27
D753374,7,7
7657371,8,8
8341925,4,3
10809458,2,2
D377753,4,2
6421404,10,10
8004656,25,15
8748817,22,7
11121105,16,7
5055804,6,3
10482100,12,11
9291009,26,12
4278200,1,1
D463892,6,2
4682023,9,4
9016101,5,5
4968927,2,1
4485786,5,2
4483690,1,1
7475937,7,5
6508773,42,18
D416222,4,1
7576638,6,6
8245102,18,18
6070417,3,2
11066390,35,19
10034829,8,5
D461934,7,2
D594510,4,2
7245810,8,6
10415984,8,7
10059198,14,7
D260172,4,1
9654472,14,11
5654519,5,3
7742102,42,29
11241317,12,7
11107705,13,13
7728231,22,11
10127160,5,5
11037719,14,9
10449887,13,13
10997883,8,6
4191198,3,3
9359900,7,5
9638962,7,7
4284874,2,2
6132140,5,5
7984100,5,5
8970043,5,4
4769666,9,4
10758230,103,71
7419235,6,6
6629010,6,6
9813973,6,5
7724946,14,13
8449791,10,5
5622542,8,5
10845439,22,15
D850241,11,7
5178115,15,6
5888312,2,2
4464758,2,1
6036765,7,7
7466555,10,4
6799248,19,17
D519045,7,4
9358751,4,3
6233696,13,12
D582852,9,6
10279443,33,18
9189269,9,6
11049604,8,8
8559736,39,35
4451701,10,8
7276352,6,6
7450099,12,11
5092625,8,7
9905931,8,3
D852555,6,3
6974162,10,6
3966108,2,1
6792781,6,4
11346827,4,2
8463311,28,27
D641220,7,5
6681999,2,1
10550130,27,27
6643552,9,5
D811965,5,3
4360247,4,1
5635718,6,4
7995994,58,53
5642282,7,6
5173625,19,11
6538879,7,7
6983753,50,46
9973656,52,52
7768525,29,29
6564147,9,9
10696427,14,12
D533767,5,1
7622361,38,12
4440586,3,1
9438021,16,7
11153243,10,10
3958966,5,2
4185207,2,1
7139819,11,11
5124973,9,3
9149583,26,19
9069880,4,4
9925857,9,7
6225902,3,2
D429541,6,3
6994941,4,4
8680454,5,4
7470470,21,11
5568940,4,3
5648824,8,7
4365846,10,3
6048637,1,1
9808889,8,5
4856338,12,3
D799563,7,7
5950587,16,8
8657442,15,5
9013405,5,5
5611119,7,2
8965216,494,470
9544427,7,7
8078655,11,11
D342013,24,4
6213904,10,5
9238423,17,14
6994082,18,11
6360511,0,0
7708388,5,4
6936149,6,3
8361771,22,22
11341586,6,6
10337178,9,6
8917415,5,5
D641113,7,5
8610177,36,31
6576517,6,3
4531119,4,3
7692469,2,2
7561362,6,3
8876310,6,3
7859864,24,15
4899232,21,11
D432796,7,3
9287366,30,11
5896999,6,5
7504761,6,5
10948211,5,3
5609429,17,9
6993932,4,4
8325590,6,6
6074077,20,8
6755241,32,7
9664397,14,11
9401408,19,19
D617202,6,4
8970916,27,16
4855158,9,4
9063800,4,4
5430411,4,2
4503474,4,2
11280059,8,8
9977250,22,8
10660442,12,12
D440522,4,1
6112196,9,6
4610609,6,3
9774984,3,2
D398335,58,59
7133049,5,3
3995954,6,2
9622274,13,13
10627503,32,20
6683950,7,6
6536051,6,3
10037657,33,31
D461332,6,4
4201478,6,3
4978488,4,2
7070690,0,0
9880479,9,5
9431352,7,7
D667716,9,8
8036357,2,2
6672023,11,9
9212965,9,5
10271951,6,4
7675091,7,3
8374488,3,2
7419136,13,13
D819484,7,5
D637186,7,6
7143756,20,17
7303311,17,9
7267460,3,2
9104436,13,9
D939741,7,7
5428769,271,209
8683102,4,4
9223829,6,6
4653003,3,3
5073924,1,1
4226754,1,1
5299741,3,2
10861878,16,16
4780158,5,2
7287452,8,4
10844769,37,30
6387568,8,8
4595431,10,6
5184474,6,2
9869239,4,3
D293034,4,2
8034436,8,3
5351156,12,7
5697846,4,3
11232313,6,6
5840600,75,21
5481766,8,3
5462387,8,3
10185914,7,6
6269566,5,5
8391230,12,12
9189974,9,4
7261295,12,11
5101078,12,7
10582045,6,6
4552144,1,1
10832357,9,6
6249921,3,1
10285536,2,2
7572750,10,10
4178535,3,2
10614792,1,1
9254284,2,2
8300991,15,8
6521443,2,2
10418464,15,9
8708370,11,4
9231073,40,39
6406593,1,1
D420479,5,4
6110402,11,5
5834891,12,9
8549004,5,4
5438477,4,2
10964476,13,9
10056176,17,11
10160441,4,4
8693196,4,4
9821824,8,8
5615889,5,2
6975033,37,10
D249123,6,3
8261465,3,2
6477581,2,2
8015909,5,2
5876369,16,3
6930624,6,6
10380014,4,4
6588114,2,2
4407893,3,1
9759929,21,15
D869253,5,1
4748860,34,22
4796858,11,4
6540219,28,28
5224042,5,3
11116819,18,18
9373934,10,9
3974024,3,3
4740182,2,2
11315004,9,9
D596395,3,3
11067555,4,4
5312392,5,3
11230341,19,11
D406040,5,2
9099188,6,3
10384916,5,3
D247517,4,2
7170340,10,10
9961682,9,9
6077406,21,9
4134627,3,1
D337786,7,3
5728070,3,3
10629429,8,6
5056758,3,2
11103827,2,2
10231618,7,5
4434554,6,1
4597271,2,1
6661532,10,10
11396015,9,8
7828167,43,39
5239320,19,5
8970485,4,2
4801997,8,6
10308066,3,3
7054134,4,3
8645655,32,27
9672093,5,5
6523381,33,9
6457152,10,5
6791964,5,5
10847802,4,1
7933244,14,7
4815542,9,2
D373879,7,7
5409770,9,5
7879586,1,1
D530237,7,2
7389099,15,10
8855906,7,7
4841588,8,3
D954064,8,8
9147977,24,20
7274741,17,5
9657683,7,5
10134374,12,5
6644366,15,5
9169774,3,3
10134191,9,7
6088921,7,3
7936431,8,8
7734623,3,3
7213047,64,51
10933566,10,5
6767230,5,4
7417541,11,8
4333394,13,4
9013660,7,7
10518130,15,15
5693297,6,2
8358838,8,8
4507631,5,3
5732672,4,3
5490346,17,5
4071206,11,5
10704533,12,10
5583027,7,7
4069752,4,2
7213935,8,8
9437096,7,6
10577975,12,10
5346213,8,4
9733841,11,8
5375454,9,9
9998854,11,11
9158383,11,7
5295094,7,7
8474320,5,3
5564947,4,4
4307914,5,3
4707756,2,1
11060486,7,4
4693922,16,9
6531967,5,2
11049998,12,11
6288756,6,4
PP27451,4,4
7292456,10,10
10817755,7,7
6816813,0,0
10305184,36,16
7207521,10,7
11212308,7,5
8011544,11,10
8579163,4,4
10566378,8,8
D837312,7,7
10603290,16,8
6734532,9,2
7551389,5,5
11373222,13,13
5318038,3,2
7173190,22,11
6371158,3,1
7441639,8,7
8994540,43,28
8937278,9,6
8351053,63,27
10394575,15,9
9953037,4,4
7289761,10,7
10891266,5,5
10911422,15,14
10580399,5,4
6258216,6,3
11318854,4,2
5929459,29,13
D590025,4,3
4331948,7,1
5083610,2,2
6796333,5,2
9776006,9,7
7436287,3,3
4550516,7,2
6069680,9,5
9256209,18,14
7313448,3,3
11190391,14,12
4981447,5,3
PP6097,1,1
10204797,9,6
5868137,4,2
8201202,7,4
8386646,14,14
10338811,9,8
7341118,15,15
7325620,1,1
5135261,4,2
8772745,10,10
4258817,7,2
9391595,27,22
9546624,7,7
9608327,27,15
7811441,4,3
5184451,5,2
9946079,25,16
5252542,3,2
11203421,64,23
7393246,5,4
6315406,14,5
9158697,4,4
4638751,17,5
8338190,21,21
9024200,8,5
11106601,6,3
9508734,1,1
4658804,6,5
8775820,6,6
10325991,6,6
10902559,11,9
8833878,10,8
D716531,7,7
9129244,3,1
6378885,50,21
7944541,18,13
PP6981,1,1
6220636,5,3
6277187,2,2
10827483,17,17
7073478,10,3
8722382,7,4
7676571,4,4
5794661,10,5
5277264,8,5
10626524,27,27
5070781,15,7
D566143,6,5
10900328,8,5
4854273,12,7
4980536,4,2
4662358,13,13
9889750,15,15
5192125,10,3
5546344,7,7
PP14339,2,2
7373531,9,7
9622589,10,6
7851277,82,24
8357831,6,6
D784672,3,3
10180347,11,10
7967510,2,1
8128266,11,7
5169293,9,5
10784860,7,6
6630863,8,6
6069031,6,3
6242141,23,8
5052516,13,3
D466321,7,4
9891445,29,17
8318120,1,1
5195334,5,2
9627212,13,10
11394582,9,6
7145681,18,18
7418535,8,7
7481333,16,8
6703324,12,5
4548355,5,2
5270246,9,4
11119894,19,11
6210610,11,10
5655259,9,5
4320492,7,2
10602736,38,12
5986202,1,1
4929105,6,6
8888090,9,9
8048783,6,3
6271482,18,8
D496728,6,2
5160429,4,2
10332884,11,6
10945658,42,35
9369358,11,11
7103238,4,4
7133007,40,19
6418693,7,2
6481754,21,19
7047244,7,7
9473893,19,17
5255628,20,4
6658093,21,18
8694115,15,15
D339467,4,1
5909923,60,38
7287632,12,5
6933849,18,18
8577451,3,3
7869748,19,9
8425761,2,2
10389855,38,34
6848236,8,5
5865606,5,4
4565501,3,1
10321277,12,6
9828970,6,6
5541481,13,9
10943552,11,9
9611114,22,10
10132291,9,4
5735425,4,1
11412313,16,12
5865423,7,3
4270477,3,1
D915287,10,10
D681273,7,7
7367325,6,3
10026447,9,9
D709776,7,3
8386041,11,11
9518663,15,10
9872064,7,7
D460511,9,4
10628931,9,9
D492391,6,3
D750575,7,4
D448194,6,3
9789514,2,2
4429216,1,1
9363555,9,9
4466399,1,1
6446161,10,8
D574935,7,4
5063318,3,2
4575003,8,2
10878059,5,5
10612976,7,2
8796092,28,15
6308160,3,3
9820875,31,16
10725678,17,15
9451326,13,13
8818872,8,6
5841521,6,4
4519069,3,3
6607153,7,4
10859498,6,6
7717314,7,2
D366783,14,7
6155487,10,6
6352791,3,2
5412943,14,11
6784554,19,10
9134019,15,13
6611488,16,16
9821933,7,7
D872173,4,4
8665680,13,7
10959118,11,11
6775195,9,7
8308181,11,10
6897126,2,2
10287770,43,26
8034086,39,19
7658464,20,18
9531940,4,3
D606839,4,4
11353955,4,4
5756392,4,2
7665131,15,13
11036058,8,7
10748391,14,14
6396683,5,5
11402539,13,10
8576358,12,7
8872540,3,3
10380208,7,7
4472967,4,3
6906533,11,7
9251835,19,19
D347669,4,1
9466364,11,7
8814808,26,9
6135520,7,4
D365073,7,1
11391909,16,13
7642579,9,4
5939660,3,1
6475498,0,0
D871168,8,4
8474261,5,5
7413847,1,1
5347333,28,24
6847290,4,3
8531859,6,6
D662387,5,2
4724468,2,1
7283125,31,30
10370924,4,3
5374935,4,4
8378283,2,2
7624515,20,16
D858980,6,4
7745568,4,4
8129727,12,6
11444980,7,7
D862628,5,5
7575152,7,7
4829306,11,6
10378937,8,4
D337359,6,4
9725060,9,9
4846368,20,10
8374269,15,12
9320832,46,15
7970024,6,3
4362260,10,3
D312949,4,2
10454311,12,10
8060125,4,2
9664363,5,5
9162889,13,11
10558839,7,4
D626822,6,2
4791883,10,4
4667576,17,7
7060672,5,5
10165816,13,6
4457082,5,3
5280943,33,9
6974920,12,12
7440954,1,1
11319923,15,10
D531311,7,5
RE32774,6,2
4912368,2,1
8364972,4,4
5377549,12,4
6634467,8,8
7483213,6,4
4049174,23,4
7821076,40,36
5442877,15,15
7471637,3,2
4461933,1,1
11350688,4,2
9521720,2,2
10403795,6,3
9513605,18,17
4536747,25,21
8411493,6,4
9649617,2,1
4121171,3,1
7183921,3,3
7096491,5,5
D877282,11,6
10434657,7,3
6599110,6,6
9518111,12,12
11275645,40,24
5269881,11,10
5537826,14,8
9406785,10,10
10738554,3,3
4210557,2,2
8147507,65,35
7794505,14,10
9735821,6,5
D582359,5,5
5548200,4,4
7118012,6,2
6835028,4,4
5955651,14,18
7436090,4,3
4352042,5,2
5355041,10,6
5640037,20,7
5927287,5,2
9265678,5,5
10158591,39,33
10198638,10,9
10523657,8,8
6402158,22,18
D260305,9,5
D692567,8,6
4887257,7,7
10708860,12,10
4249540,6,3
11033209,15,8
10319362,6,4
5627317,3,1
5428998,4,2
9751750,4,2
9728003,11,11
4131048,6,1
6919066,0,0
5240425,39,15
4692697,8,7
4665731,5,2
11088684,4,4
7606821,18,18
6472527,0,0
7408901,4,4
8856226,12,11
8763987,21,15
D593715,7,3
PP4638,1,1
9419777,25,24
5559401,9,4
5307033,3,1
11032769,30,13
8256489,62,19
6779494,9,9
6685097,5,3
10309816,17,8
9111905,16,9
4427063,8,3
10380168,7,7
5577368,2,2
6963426,20,14
11114624,2,2
7118856,23,13
8557385,24,11
9678500,10,7
4431420,4,2
4815427,3,2
10594188,4,4
4143754,7,4
6663841,0,0
11144872,6,6
7547638,16,5
11215451,22,18
5024554,6,2
8656105,9,7
5554934,9,6
10024815,9,5
7687626,14,7
5488851,2,1
5771635,5,4
8788003,6,4
6460038,10,10
5889721,8,6
9240142,16,11
10860758,5,5
7994934,6,2
7364392,25,11
11312570,9,4
8271504,6,5
4881124,4,2
6507730,6,3
7608060,35,16
D816125,7,7
5612545,1,1
9468074,2,2
6862632,9,7
8903884,7,7
4786094,5,1
4945474,12,10
6901857,9,8
10176285,5,5
D953802,9,9
8055639,14,14
7663916,6,6
4132111,17,7
10448569,3,3
7682378,14,12
7746973,5,5
9305029,5,5
10030670,3,3
D741039,8,6
D418860,21,9
10776090,10,10
7936090,10,5
10911671,5,5
8049574,9,8
8811841,10,9
4355736,6,2
7381969,4,4
4798550,4,1
8963529,6,3
11110423,1,1
9866011,3,2
6010345,11,6
5806354,6,2
7112621,3,1
D472709,11,4
9104349,5,5
4699222,6,6
7783287,18,14
D793347,8,8
9053906,24,10
8442751,92,57
7375593,27,21
10002795,34,9
10631845,51,27
10120514,6,5
9578749,45,22
10038004,16,12
8074916,15,13
4925094,2,1
6470404,6,6
9792141,9,9
4507031,8,6
9799827,15,10
6271678,9,3
6823032,3,3
6160661,2,1
7342652,11,6
5891130,11,4
11075111,25,25
4269164,7,2
10561333,12,8
10222926,28,25
6669676,7,4
3943683,10,6
5089457,1,1
9157109,17,17
5807145,10,3
9804703,33,16
6154770,6,6
7483136,63,34
5554047,7,4
7878994,2,2
10728847,10,8
10485393,9,6
9315290,34,34
8139251,7,7
10984800,4,4
5809122,2,2
11082196,19,11
D747886,1,1
11114521,19,19
6406394,17,4
4654490,3,2
11169781,6,6
10525497,9,9
7224549,6,3
6698106,3,3
8525238,55,15
4725190,14,8
6076315,12,5
4323178,9,7
10427925,13,12
8862664,4,4
10129709,23,23
9950565,12,9
9230817,2,2
8259734,3,2
10403117,8,5
10735922,21,21
10703448,11,10
7914198,20,20
8552513,16,6
5315068,3,1
7096705,9,4
7957726,6,6
5347765,11,3
10752543,4,3
9118227,7,5
10545416,17,11
8163034,16,5
4936418,8,4
4068595,13,3
6383698,5,5
4742884,5,4
5839356,30,26
6463973,5,3
8229548,4,4
7655945,4,2
6717657,6,6
6445550,11,5
9764541,29,22
9694638,13,13
7619771,11,11
10234852,5,5
6497328,9,7
4517518,8,6
D655188,8,7
6367691,30,21
D305246,10,4
D297395,5,2
8194450,11,11
7660835,38,14
9330555,3,3
8939795,6,5
10350252,2,2
9823148,3,2
5092088,3,3
10785433,33,23
10769104,7,7
D461851,7,4
4576736,4,4
D725839,13,4
7818212,17,17
D567831,8,8
6621727,31,15
5882773,2,1
9544764,16,11
6264015,4,4
8667727,15,10
5927907,13,11
6937789,6,2
4050234,8,5
6065837,7,5
6915058,9,8
D961912,8,6
11336921,9,8
7618290,4,4
10969444,10,5
5679901,8,3
7866025,15,15
9588451,4,4
10902758,7,5
9335103,32,19
7580725,10,7
PP17991,1,1
8102225,13,6
6941929,16,13
11029073,37,25
8463998,12,8
6762393,10,9
D692888,8,3
4335607,1,1
5250167,11,4
5543803,1,1
6931748,18,12
9013094,5,4
6166500,34,25
D669523,7,4
D764769,5,3
10927167,10,7
10305994,4,4
6279750,3,3
11262444,6,5
6445801,9,5
9160410,14,5
7616189,10,10
6340020,9,5
11239681,3,2
9462182,25,14
D909673,7,6
11193945,24,9
10168546,21,11
8489600,22,17
4989150,9,6
5848650,2,2
8337016,9,5
5418874,11,6
9544760,4,3
10119150,8,13
D908297,11,10
9993719,15,15
9325406,6,6
9423063,7,2
6838320,30,29
10174071,56,39
7726347,4,4
8485856,14,5
9941815,3,3
11195436,8,5
8479710,4,3
5327786,5,3
4293225,6,3
9349869,114,54
4928370,5,1
4454611,3,1
10345996,23,15
6462799,60,44
7361926,8,8
9986350,6,4
4896443,5,1
11320077,13,6
4494073,5,5
10727836,15,12
5947024,5,2
9388375,10,9
9009988,7,3
D387217,8,2
10383829,25,25
9349919,37,17
7775756,11,7
11162443,10,9
5236139,9,3
D889000,7,7
9147694,10,10
5370690,6,3
9349950,41,20
6718632,24,11
6012871,3,3
5950796,6,4
10410574,10,10
D313950,3,1
9856228,4,4
7112292,9,5
6526266,11,11
D903270,3,3
11034859,1,1
D409482,6,2
11109896,95,32
6472986,6,5
5724045,10,7
7584015,14,12
7279773,7,3
RE48823,2,2
10364549,16,16
D549869,6,4
D435485,7,2
7939153,6,4
11111883,4,4
D852256,8,8
9020778,7,7
8758503,2,2
10267289,29,9
4817740,3,1
7333252,44,44
D897455,7,7
9549728,16,10
6393464,11,8
6193796,5,3
5025148,3,1
6382548,8,5
11369015,18,15
6376636,18,6
9696480,14,10
6546762,33,29
4633415,4,4
7147564,4,3
8427739,11,10
6296086,2,1
6705160,20,4
4721482,21,6
10814235,18,15
9555031,88,55
7232313,8,7
10820566,13,9
4089572,8,3
11397611,9,9
8708591,4,2
3981329,4,2
11334959,4,4
5047056,11,3
D571081,6,3
D758866,8,5
D657142,5,3
5683898,2,2
D961201,3,3
4979766,9,2
5267592,8,5
9094474,6,6
7125225,13,4
8927396,4,3
7970842,17,10
7022129,7,5
5270142,1,1
7576640,4,3
10078060,12,10
D266068,6,1
9998083,8,8
D304337,7,4
D738182,11,11
7850088,18,14
PP21016,1,1
10680713,10,10
6224575,7,6
10720269,11,7
6084346,3,2
9361604,7,6
4339859,9,3
7178384,7,3
10702293,22,8
D676888,9,9
7778170,7,7
9866253,13,4
9783755,9,6
D789581,7,7
5345701,20,8
D521027,8,4
6384759,10,7
5291946,11,2
7993741,7,7
6668586,4,1
10985343,27,15
7661384,12,4
10406824,12,8
D687138,2,2
7682663,4,4
7669525,73,37
7648568,4,4
4229690,2,2
3938348,3,2
D792002,6,5
10840305,17,9
7026591,5,5
4964039,39,29
6376975,15,11
6468069,27,15
8007675,8,4
10405042,15,10
8028667,16,7
D553088,8,6
8701974,7,7
5117590,21,13
D295608,5,1
5470298,10,3
6232133,5,3
8673079,33,24
8756346,11,7
4655064,9,3
7576883,6,6
6155357,8,5
7693029,32,20
4601476,4,1
5058897,6,1
7668276,46,44
6941905,9,9
8856106,9,9
8285702,8,7
7712348,7,6
9347170,11,10
D645261,4,2
11387769,11,9
9827270,42,42
8305799,16,16
9477971,16,16
4615533,16,5
6305577,28,11
6745277,8,6
11455263,5,3
D711129,7,7
9378854,10,6
7759003,1,1
8466698,6,6
6501750,4,4
6134410,37,14
10091515,12,7
7239778,30,15
10140698,16,9
4436077,11,2
4799889,4,1
5862184,2,1
D295213,6,2
7743589,5,1
6845740,5,2
8192344,19,6
8454610,8,3
7941897,15,13
5707195,5,2
RE31622,23,11
5967851,4,4
5880758,3,2
8022584,2,1
11098918,10,10
D382168,5,1
D812731,11,5
10174812,10,10
5702314,1,1
5732729,4,4
11445909,14,14
9217769,5,5
9780565,3,3
5186686,5,3
7539679,14,14
4738124,9,4
4851809,3,1
9596232,6,6
5664274,15,7
8530295,28,15
4494568,3,3
4302851,4,2
11018277,9,6
6820735,10,5
6069292,17,10
10698837,11,7
7391857,4,4
7841527,106,85
4299187,8,2
4624534,15,7
4007404,17,7
10688048,29,19
8229676,10,10
5493120,31,29
6158507,7,5
7184561,7,6
9888676,13,7
7552961,9,6
9704723,25,25
6966899,12,7
9870452,4,4
8090788,4,4
4784802,10,6
8473702,35,21
5531203,9,5
5582132,4,4
10158612,6,6
11363592,14,14
8266624,6,6
5907294,9,4
6650172,26,17
4145223,1,1
10778988,5,3
7152640,7,6
8975790,8,5
10175418,61,49
10313147,16,16
5318330,12,2
10639445,16,16
10494024,3,2
6649275,0,0
4691656,5,2
11274805,8,4
4453453,4,2
6215067,12,8
9375159,6,6
4157102,4,3
9990614,53,45
9611351,3,2
9729882,7,7
9514319,11,11
7402804,27,21
11184472,5,4
7958079,7,6
D511178,8,5
8648414,27,14
10319849,24,18
10039629,22,7
9856511,44,16
4180278,7,3
7511242,8,2
D582413,5,1
9862641,1,1
D271031,3,1
6882207,16,13
11077170,7,6
7019862,15,13
4914334,10,4
4276710,9,3
4648260,6,3
8531698,11,11
10926341,35,21
8965472,8,4
6789229,5,4
6453584,8,8
7593682,20,13
5317214,1,1
4689102,4,3
10287725,8,6
3942709,9,3
5971574,7,4
4271046,4,4
6196679,10,2
4345913,8,2
8976575,15,10
8100791,4,3
6018825,18,7
10948613,28,28
11022139,8,8
7318887,12,9
4850403,8,3
10210705,14,14
4815698,2,1
9687223,91,72
6793175,12,3
D559011,7,5
10870396,14,13
9922524,8,5
9120425,9,3
4304481,4,3
5701707,6,2
7487529,13,10
8233716,34,21
9997910,23,19
5950127,14,11
8490845,7,3
6998753,14,11
7407172,20,8
5282560,4,1
5069737,20,3
D919165,8,8
9404491,6,4
4132896,1,1
6249845,3,2
5051707,7,3
9071313,8,8
D606489,9,4
6559051,16,5
6004074,5,3
6437291,12,7
10352404,7,6
5640682,9,8
6085504,2,2
10904852,9,9
8498079,18,7
6039757,62,23
5388669,3,3
6630137,0,0
7842094,6,2
8879191,6,4
8994541,2,2
6965420,34,14
7976011,15,14
9168223,7,4
6821312,11,7
9205353,7,5
8091409,9,9
6883157,23,19
6859235,11,7
7262928,11,10
9584253,5,5
4560121,1,1
4614224,1,1
4030252,7,3
6426996,9,7
7043989,16,7
D817817,9,9
8723593,6,4
10574430,17,16
9954932,9,6
6008702,2,1
4173783,14,14
5494463,4,1
7451254,14,13
8709467,38,19
7169392,8,8
4721306,5,4
7441984,13,5
D491240,5,2
10224004,12,8
9261031,9,9
9171773,8,4
7239297,14,13
9574300,11,11
4650505,7,3
D497374,10,4
4400753,2,1
9394945,11,7
10928855,62,27
8022864,11,6
5937768,8,4
4294391,24,9
11345290,6,3
9999662,2,2
9490150,6,5
7872607,10,6
5107843,3,3
9252628,7,7
10568347,6,3
10208351,25,23
4746807,4,4
5172117,4,3
8653861,45,42
5402340,12,12
8914463,7,7
4145729,6,2
6329517,16,16
8257660,13,8
10611093,12,11
5434593,30,17
7096597,3,2
8919815,6,3
6701134,4,4
7940082,8,8
PP16176,1,1
8607649,10,10
5150732,4,3
9499864,12,10
8110355,16,6
6748624,6,3
10783518,5,5
5973917,13,7
9212558,3,3
D892555,8,8
D606110,8,7
4141218,2,1
6079574,7,5
7715292,4,4
8395111,7,3
11076183,19,15
11124394,9,9
7032060,4,2
D329574,5,2
8412536,21,15
8953651,18,12
4184500,3,3
5530344,13,9
D669847,8,8
D605469,42,24
6645286,3,3
7586403,12,10
9833436,11,4
10533269,41,18
4912475,6,6
D689459,8,7
D728885,14,12
4344038,1,1
11097942,21,14
7816726,17,8
8180677,8,8
D355959,7,4
8378432,16,8
6510999,6,6
8222169,9,7
D384404,12,8
10819559,5,5
4667156,9,3
4643812,1,1
4067615,6,3
5679957,15,11
4337159,5,4
6869167,2,2
8284454,6,6
7898962,4,3
5246307,3,2
5889599,34,34
10549938,14,12
9025581,9,7
7536071,3,1
11319004,6,3
10084009,29,29
10797249,2,1
10127577,16,16
5709345,11,6
10776501,29,14
5519924,20,6
10401253,4,4
4174511,4,2
D495208,6,4
D477930,6,5
8114666,5,5
4730700,4,1
D670236,4,4
9739108,13,12
10623000,39,31
7677726,22,22
4685741,4,2
7375653,5,2
7021059,24,21
D366190,4,2
4552908,1,1
7076912,9,5
9097372,3,3
9895235,16,9
5332308,3,2
10697306,7,5
8925661,10,10
6421608,12,12
9688037,10,9
4244061,1,1
5809631,21,21
4923339,33,14
4732339,7,4
9440646,77,54
D570706,6,6
10868594,17,14
8362210,11,11
8011419,2,1
6571499,8,4
10521245,4,4
9045190,7,7
4058922,9,3
D397380,7,5
8166261,10,10
11280697,7,7
8647107,5,5
5668708,4,4
7651103,14,5
8437183,10,10
9184859,14,9
5394664,8,6
D931530,8,8
6288720,16,15
11351996,16,10
8059644,23,19
10935041,6,4
6004349,20,4
9738422,6,3
D310829,8,3
11027878,2,2
9357032,15,15
11160917,26,16
6092405,5,1
7985719,2,2
9373677,1,1
7708472,31,16
9851056,66,40
6142174,17,8
D369403,6,5
5673725,9,4
D895121,6,2
8550474,12,11
6645987,0,0
10729840,12,4
4720222,7,2
11237526,19,10
6453126,15,8
9945201,5,5
D894253,8,7
4269001,3,2
D243015,6,1
10542872,149,40
11364914,7,7
9121977,19,19
6098713,30,21
5295306,72,39
7982129,3,2
7196443,32,20
8456956,24,18
6292049,5,5
5091158,2,1
D615625,7,3
5549386,9,4
9392325,4,4
9559580,9,7
6561200,6,3
4078565,6,2
7928746,11,11
7956864,10,7
6255884,3,2
10281732,40,22
4672184,3,2
9900170,5,5
11344962,6,6
5404928,10,3
11043991,9,6
6516900,9,3
6902819,4,4
8557547,4,4
10567934,2,2
10533896,14,9
D480523,7,3
10979611,6,6
9748672,14,3
D804823,12,12
D942287,8,7
3997085,9,3
4952101,26,5
7460757,6,4
D749320,7,4
4113935,3,2
D490832,8,4
4476415,10,6
D258676,6,3
4817813,2,1
8911998,48,37
10662639,5,5
7426792,38,13
9357334,6,5
7287887,26,21
11095504,28,27
8582482,7,7
7408453,152,31
7544195,11,2
4146664,5,2
8925976,6,5
5751088,4,4
4821265,9,7
10302082,9,9
8967138,11,4
4984393,2,2
9498652,1,1
4772905,5,3
6518829,9,8
D429349,6,6
D729567,10,4
D835167,8,8
6803348,0,0
9890246,2,1
6644243,13,10
6778584,20,13
RE45575,10,7
4870524,15,8
7839684,10,8
6892349,27,13
D334124,7,2
4505220,5,2
5131273,7,6
11145171,8,8
8728481,24,12
9667197,9,5
7210570,4,4
7770251,28,24
7194134,5,5
9037077,5,3
11430975,7,4
10456670,6,6
6583513,5,5
7953882,15,15
9224971,5,4
8842533,8,7
6093745,6,3
7761742,6,5
6997084,22,5
9093885,7,6
8310486,4,2
11305290,20,9
4015262,4,3
6519568,21,14
6366990,7,7
7447198,12,11
6112494,27,6
8852703,8,4
11399242,8,5
8394683,19,17
10217174,14,9
8770067,17,5
6696669,6,6
5020909,1,1
11235385,11,11
7190526,13,5
8973087,11,8
9770911,10,7
4564871,5,3
5605268,3,3
8358933,2,1
4801107,14,4
6065744,15,4
D681410,6,5
10840759,23,12
D665749,7,4
4094860,2,1
5457720,1,1
7548834,8,5
8185198,15,12
D548635,8,4
6456155,12,10
5998489,2,2
6505389,3,3
8122078,23,12
8827790,10,10
11087171,4,4
11089770,7,7
6642552,34,28
4346530,6,1
9472428,10,7
4014387,6,2
6203511,11,4
D749606,1,1
4960119,1,1
11066980,11,11
8269344,5,5
6014683,9,9
9751577,34,25
D786706,8,3
D559195,22,22
9140197,22,17
7370647,4,3
8821664,1,1
7938138,64,27
9774598,11,9
D950626,7,7
9205975,7,7
8602761,9,5
3987256,39,8
11176649,7,5
10019718,7,7
5208940,7,2
8845637,85,34
8081613,18,18
11402130,61,40
5387836,1,1
D896590,14,14
6925213,7,7
5132627,7,5
4333465,14,10
11439772,9,4
11384470,8,8
6681446,14,3
4211175,9,4
7931864,50,19
10228373,8,8
7498576,9,5
9714709,5,2
6134488,25,16
6866739,11,2
4382467,5,1
6171331,9,9
5289104,2,2
D478260,8,6
D261992,4,1
D932854,7,5
7389625,31,15
9313817,17,13
7104648,48,16
5645241,24,19
7570255,27,25
6296095,12,12
6500404,0,0
8189280,9,5
D407257,6,3
10983582,9,8
7701860,4,4
7360953,8,7
D720561,6,3
4462687,2,2
6186087,3,2
10253642,7,3
4646596,14,6
10487463,3,2
7119596,6,4
10496393,5,5
7506627,3,3
4832979,2,1
7775044,7,6
7744521,11,8
4387513,4,4
6945364,6,2
9504372,69,24
D852110,3,3
4827509,5,3
6771056,13,5
6907273,7,7
9810063,6,6
7572516,7,4
8381462,21,3
9228388,3,3
10235800,12,7
10231853,21,17
10664624,4,3
6721928,20,11
9178720,12,11
9573997,5,4
D436457,8,4
8903724,15,12
4972447,12,10
7042487,10,10
4784443,1,1
7999722,26,12
4580052,7,2
10717796,4,2
D508421,9,4
5336237,11,4
6440043,10,3
4122344,6,2
10926664,30,27
7549500,16,10
8842268,10,10
11125079,10,6
4509397,29,12
11000543,26,21
8293538,15,13
D642370,3,3
9743097,4,4
8575975,8,6
10696318,6,6
9861227,16,16
11043009,6,6
10912884,26,13
11014668,6,5
5299093,3,2
7419275,13,8
5589139,6,4
6022621,9,6
8731637,67,42
7744228,18,7
11261863,17,13
D915329,8,8
6526214,6,6
11267473,15,15
5401077,12,6
4095477,9,2
7493591,100,59
4912614,9,4
9479055,11,11
5548405,4,2
6516298,16,14
5671207,19,10
8181525,15,6
D945307,7,5
11203854,6,6
6324357,14,14
D476047,7,3
7087180,21,7
11277255,11,11
5095313,2,2
6566837,15,12
4991055,9,5
10897983,6,4
9009934,18,11
9174317,13,9
9901398,17,12
5995124,23,9
D626202,5,2
D350300,7,3
7539855,6,5
9807556,10,10
D866733,7,4
4673165,3,1
9059680,11,10
7470209,3,2
8543978,1,1
10952214,16,8
6471802,10,9
D270040,1,1
10281948,8,5
5447306,4,2
5535067,8,5
6774955,6,4
D951316,7,4
6637463,8,6
D699959,7,7
D869833,8,7
10968370,18,7
6958539,23,9
6810447,9,7
10157872,24,13
10794381,5,5
8517798,7,4
D921354,6,6
7466808,4,4
8089211,22,10
11227495,14,14
6130819,7,4
10826641,54,23
11211911,6,6
9774254,16,16
7383192,9,5
6170533,6,4
6656406,27,6
6811874,10,4
4216598,5,1
10227165,11,11
8090574,34,23
D355904,7,4
5359575,21,6
4390060,4,1
7016574,7,3
7787060,4,3
7891001,7,7
9164043,7,6
8398717,43,13
5970500,17,20
7974491,19,11
D786887,1,1
4161834,8,2
D344108,11,9
6797330,4,4
5758619,9,6
8089531,6,5
10947416,12,10
9374420,16,15
6938298,6,3
6088087,2,2
10208320,25,25
8992023,23,14
4221085,7,2
4615132,32,3
10900715,12,6
9899603,47,27
6662842,22,20
7756301,10,7
8850381,14,12
4502737,5,3
10354589,94,41
10421505,7,3
6206589,3,3
5646432,31,13
9845546,17,11
10397734,5,5
5241352,5,3
10254189,7,4
5464780,12,4
6780569,7,5
D413821,12,7
9280141,10,6
5574418,6,6
5576801,11,8
9526985,17,14
10715785,16,12
10643574,14,10
7498691,1,1
3940184,2,1
6508095,15,6
4918657,7,5
10492457,2,2
8157122,4,4
6671156,12,6
9975045,6,6
6805473,11,4
10708028,49,45
4753478,5,1
6397545,21,9
7363841,6,5
6716832,0,0
9707862,18,15
5262957,12,11
8684614,13,10
6849857,16,13
6243999,4,4
4029009,4,3
11397132,9,9
6538068,3,2
11226853,6,6
D636861,7,7
9472059,58,58
11320720,11,9
10897650,11,11
4441340,8,3
10822934,8,6
10495052,3,2
10141197,13,8
7843442,10,7
11057112,8,5
5017202,8,6
10231306,6,3
10055636,7,5
8120366,12,5
4044557,8,3
D402606,5,3
9898068,35,25
5285893,14,6
8289556,10,8
6220751,5,4
10871452,34,14
9461389,12,9
11237120,10,9
5166837,41,5
6519344,18,9
PP33322,2,2
9864446,13,12
5723330,2,2
4224887,2,1
8952472,13,11
D626097,8,4
10491779,22,17
10527907,25,17
7670675,26,14
8681432,16,16
8210267,5,5
10080068,2,2
9598179,5,2
6362188,0,0
D601414,7,7
D663599,7,7
9014974,6,6
4020138,3,1
D795069,8,8
9679921,8,3
6761663,1,1
11086153,11,11
PP7382,11,1
D898217,9,7
4794984,39,10
5193090,13,13
D607138,5,5
10447934,17,6
5807356,4,2
7614215,13,4
D328461,7,4
8822225,8,5
5665590,8,7
D854740,8,7
7272625,43,43
11107951,43,33
10053722,7,7
D532290,8,3
9755440,8,8
7251528,10,10
11345546,10,10
9995671,16,7
4314057,7,7
5490257,6,4
4590567,10,7
9856157,9,9
PP23313,1,1
4161353,2,1
8453365,8,8
6522220,10,5
9817319,9,7
9892900,1,1
7876507,25,9
6715296,1,1
11100312,7,5
D683834,8,6
8510646,11,11
D340982,9,2
6158903,30,17
10739891,8,5
6050095,1,1
8146741,7,7
7522909,4,4
D570675,5,2
5761138,7,7
D856641,7,6
7825618,6,6
8080764,3,2
6256780,15,15
5884653,2,1
8506960,9,9
5026991,10,5
6099612,14,6
6034566,18,12
7151288,29,14
6716547,2,2
9142516,56,29
10089863,19,19
6710436,10,5
4796969,2,1
11350536,13,13
D740589,7,7
D914372,1,1
6462532,7,7
9519200,14,14
8869850,25,12
6448115,17,9
9983202,6,6
8603888,13,10
7949955,5,5
D351297,6,5
10352931,4,4
11052720,6,4
8504283,6,6
10423833,8,8
7948283,2,2
9895825,21,15
11106542,12,11
5002030,10,5
5993412,16,10
9748367,15,15
8728248,10,9
6342518,0,0
5112274,7,1
6387875,25,15
9383379,28,19
7806959,16,15
10473386,8,4
11200516,11,11
4863085,14,6
7406851,21,18
11381742,9,9
10579527,16,15
10812121,42,39
6439200,2,2
9614196,14,14
6444510,8,5
10661809,3,3
10009101,9,6
7353577,15,15
4301725,3,1
10096186,22,18
D544216,3,2
5478167,16,5
10375468,18,8
9902535,18,10
5560554,8,7
10696778,4,2
8925412,30,11
6048024,7,5
D821232,7,7
9735278,3,2
10043794,78,23
6975731,19,13
D256075,5,3
6756789,22,11
10131985,5,5
11291013,11,10
6248626,19,4
6246367,19,15
9315253,8,4
6876980,5,5
4635435,7,2
9227773,16,16
8670978,8,8
5901848,12,6
6047527,4,2
11426624,18,7
9505489,7,7
4346390,40,38
9957681,10,10
11345947,41,15
7577482,3,3
11339751,50,22
9613190,71,71
8248412,20,14
5352849,10,5
9541024,4,4
4190677,7,1
6716554,11,6
7508096,8,7
7746404,7,4
9074900,17,15
7850690,14,6
9554749,15,15
9022239,13,4
8479213,10,10
4649455,14,6
10290402,43,28
6194256,8,4
10771984,5,5
9312929,68,62
10578175,10,10
D493478,14,14
5014013,3,3
8944227,4,4
7523572,36,13
9604676,19,6
10946192,7,5
8978994,18,18
9113104,21,15
6928099,11,10
7236342,3,2
8674208,35,19
8818226,21,15
7260263,6,3
5448504,20,13
4504335,3,2
10109493,10,10
7672140,7,3
D387886,6,3
8778679,2,3
PP24253,2,2
RE40198,14,13
6863612,10,6
5785671,5,2
10436593,6,6
7237071,8,4
5053940,6,5
8994175,25,16
4543559,3,3
11051684,23,20
7387917,25,9
5860485,5,5
9483276,29,24
8240825,128,114
7410840,11,4
6496370,8,3
8063893,9,5
9106665,6,4
10346852,15,15
5802600,3,3
5666785,7,3
9494782,2,2
8883411,29,20
9092761,9,9
6932024,11,10
6154751,7,5
10279875,11,6
6251278,13,11
10985397,7,6
5680012,10,3
D261847,8,4
5076428,5,2
11314209,19,11
8259243,6,4
D770287,15,15
PP15759,2,2
9514570,23,20
4365831,5,2
8322559,3,3
8247774,9,9
10184752,17,15
6697795,7,7
8376236,26,17
9145803,14,6
4224859,2,1
11399717,59,41
6905134,72,47
PP28108,3,3
10634402,8,8
6618938,8,5
9117714,14,7
5377676,10,10
7900374,16,14
11131180,7,7
7426033,5,4
7991526,5,3
6860230,15,6
7951253,2,2
4047342,15,5
8408013,10,9
D455821,9,4
D810741,4,4
11043387,2,2
10539207,9,9
6187464,4,4
D949536,3,3
11281406,14,14
6444803,0,0
D447173,7,2
8995887,7,7
4148687,6,3
10459654,28,28
10878032,17,17
10375596,11,10
4079876,5,1
6848418,3,3
10195388,9,4
6343332,7,7
8888468,15,9
7421173,51,17
8655245,8,8
9093969,14,12
D908438,9,5
10927218,2,2
9004972,19,9
6858362,10,7
11078429,21,15
10718844,5,4
10002454,9,9
7574523,35,25
9480537,5,2
8954956,13,8
10731700,16,8
9878964,3,3
8019390,15,15
11386523,8,4
6063087,4,3
6800628,0,0
6810673,8,6
8131555,44,38
9750654,4,2
8062569,16,15
6952861,14,13
D677212,5,4
7801418,32,26
10423276,11,6
6812067,6,2
5202579,26,14
D482410,7,5
7865467,7,6
D891509,7,4
7148520,10,7
10523575,6,6
3941483,8,5
10065262,56,56
9826917,14,14
D323199,7,3
6803253,12,4
10300290,7,7
6004161,14,6
10121216,21,22
8416060,6,4
7129550,79,28
6438534,5,5
8803420,11,5
5831934,55,29
4420401,2,1
10147948,7,4
10772941,7,4
10970568,4,4
6550703,6,3
7955908,59,59
D535475,6,2
8128056,3,3
10677229,32,15
10161167,9,4
9679837,19,7
5888149,13,3
8780307,133,71
8115658,8,8
4002528,3,1
7427862,35,8
8989515,54,34
9315580,19,17
5387782,2,1
8613772,16,9
D627957,6,4
6107772,30,7
10320859,7,7
10822772,16,10
8140304,7,6
8647945,18,9
9921727,6,4
7926556,10,4
8747470,12,8
4615551,19,6
5385052,4,2
D446811,7,3
4251933,14,4
5892532,26,24
11195150,12,12
9593223,4,3
10520615,3,3
6816449,9,5
8976546,9,5
8317936,4,4
9443115,12,8
6660303,0,0
11231460,15,15
6110513,8,5
4359749,5,2
5724395,4,2
4914677,6,6
8621364,6,4
8870285,11,11
11431019,6,4
7941592,13,9
4609164,39,12
6675859,11,9
7810487,17,11
8160098,3,3
7731822,6,5
6615543,24,12
10196136,16,11
7702467,7,7
D577302,7,2
3941990,2,2
10913133,14,11
D873497,7,7
6429533,13,3
7390625,19,10
10712286,18,10
8118793,3,1
8611710,8,7
8227610,82,66
9921751,61,53
9663722,4,4
D371479,7,4
4917053,6,5
5867879,3,2
5666313,37,11
5481375,82,45
9386229,5,5
10644407,5,5
8658311,5,5
11439663,15,14
11244877,10,7
7661122,4,4
8749576,21,21
7505163,9,9
5535730,7,2
10656182,3,3
8781135,5,5
D330136,6,4
6844893,8,6
6407944,9,8
4717164,19,7
9541327,8,7
D460560,12,4
5220480,8,3
5247497,5,5
D616506,5,5
7391015,10,10
6215491,45,41
5233176,6,3
D900668,4,2
10252020,15,13
10176355,17,13
4919291,3,2
8780806,4,3
8548355,9,9
6048979,6,3
D653549,4,3
11444832,4,4
10036517,22,7
8970107,6,3
7273306,5,4
D399183,6,4
8821115,11,8
5361444,2,2
D836014,14,11
9861549,85,33
8684715,7,7
8542808,8,6
D413096,10,9
11111084,19,17
8335177,12,9
10961378,4,4
10930856,53,32
8036254,9,9
D603516,7,7
10363506,32,32
6012249,5,6
7670273,9,5
9893090,15,8
9627196,20,20
8737448,8,7
D875918,5,5
8630920,13,13
7247541,22,14
9529119,5,5
3963317,10,3
5683119,1,1
D678578,7,3
9141877,4,4
6481744,8,6
10225627,23,23
4141180,9,7
10649488,10,6
5903473,13,9
5625944,10,8
6230389,6,3
10714187,5,5
D665688,10,4
7603579,6,6
5934016,9,5
6471414,12,6
8903106,9,8
7759937,7,3
D432557,7,4
D773153,6,6
5872553,16,6
10767216,89,53
7689728,5,5
10946516,14,14
7904340,16,16
10546578,13,13
4404587,6,4
8462245,4,3
10916354,5,3
7147659,4,3
9887641,13,9
4894584,10,5
6641453,16,10
10970905,6,6
11061963,9,9
10697962,22,29
8619131,14,12
3938106,5,3
D882728,9,7
5935323,4,2
10249997,5,5
11277104,11,11
6618985,7,4
5481306,9,4
5493379,11,7
10882915,45,33
11155960,9,5
8685002,23,18
7190618,9,8
9727092,16,12
9902261,5,3
10137444,23,6
4661770,3,3
4458791,1,1
7180046,9,9
4405495,1,1
11011770,12,10
10188549,4,3
10838354,16,13
11176133,8,8
D851900,4,4
8602754,8,8
9600146,40,39
6662527,11,8
D889305,7,7
9399762,32,27
7339287,12,8
4084898,9,3
10635314,10,7
9729332,22,22
7735092,22,17
D418719,5,5
6263280,5,5
7924432,53,40
8527584,18,18
8959480,9,9
11015970,25,19
7690517,13,6
7672741,15,12
9458210,2,1
4206706,3,1
6731752,5,5
D812301,7,7
9055308,7,7
5237563,65,50
10111647,7,6
7821802,15,10
9072603,48,47
10902989,20,12
6851782,42,34
8950891,11,4
11027542,16,15
10823744,10,8
10219593,69,24
4824755,2,1
7380347,3,3
9396861,12,9
4121286,9,7
6438560,8,3
4939531,16,9
11176702,11,8
9983194,26,26
5788129,3,2
9172688,3,5
7837687,102,86
D868672,8,3
4807371,11,5
11313867,49,24
9948262,8,8
8235432,15,8
5560216,5,4
D621572,11,7
5148066,17,3
8851232,11,8
10694292,5,5
8145397,7,7
6206192,1,1
7936438,10,9
7623605,10,8
4248599,2,2
5497304,4,3
11172551,5,3
6699447,6,7
9983517,3,2
D843685,5,5
7428915,8,4
10046444,18,15
8887422,12,9
9002518,50,26
9967990,10,10
7711004,9,8
8486525,42,17
7087501,16,8
8161030,10,9
10215441,21,14
8719615,13,13
7233785,9,9
9959160,6,6
7313747,7,4
6830721,11,5
10642051,22,14
4063799,7,2
5808393,5,3
11387439,1,1
10265223,17,12
10268116,33,32
8523914,16,11
6141073,15,7
11252429,10,10
8091632,13,7
11212274,7,7
5006760,2,1
D960522,8,8
7455874,5,3
5599764,6,3
9258236,8,8
5577796,7,4
8233194,3,1
10460145,10,4
D642341,7,5
7640065,16,12
9173209,19,19
10924123,6,5
9701668,5,5
4284061,3,3
10161888,36,27
11298477,33,21
4283924,1,1
8257217,4,4
4565945,6,2
9151311,11,6
4617179,1,1
9741591,50,35
11137168,2,2
4054485,3,1
4418724,12,3
10385613,13,5
10321544,7,7
6052280,13,8
6272206,6,2
5493070,7,4
4328227,1,2
9172597,3,3
9152617,32,31
9061661,2,1
D845362,7,4
D699469,9,8
6311039,15,13
7069237,10,10
4665406,21,10
5733464,3,3
9006182,15,15
10087908,6,6
6212706,9,7
9358566,13,13
8785315,10,6
7963915,171,55
5604491,5,5
7404980,3,3
7121848,10,4
3979829,7,2
8090139,5,2
3992064,5,4
8649720,26,25
7257526,6,5
5577149,5,3
4497615,10,2
6186127,6,5
11213403,16,7
4795167,3,2
9549653,6,6
11377666,57,165
9851857,9,9
7716503,4,4
8300784,13,13
4525788,39,33
D496909,10,2
10708653,10,9
10945569,9,7
10141829,2,2
6196415,2,1
11241757,11,11
5439985,13,9
9137571,8,7
7582928,42,22
6913284,2,2
6646677,32,28
7678390,27,10
RE43353,6,6
11424325,11,11
9196223,9,9
D353450,7,6
10707728,4,3
7063917,1,1
6511234,5,1
8811351,9,9
8009395,7,4
10743312,12,11
8959336,8,8
5394848,18,13
7221424,36,36
7453896,7,7
9049610,19,16
5649439,9,3
10976390,6,5
8350440,4,4
D252504,2,1
6305214,15,4
9862040,14,9
10553375,14,9
10214684,1,1
10875371,6,6
9046672,43,43
9749047,5,4
10447496,38,26
5694670,4,2
9086736,13,8
8123479,2,2
11441206,5,5
PP30330,2,2
7341849,12,10
4343073,5,1
4710077,5,2
6411260,9,6
9954733,3,3
5566502,13,10
8040924,22,21
D588376,8,3
8520933,7,7
10876401,8,5
4449640,9,2
10873970,12,10
7286027,33,22
8186520,22,17
9814437,6,6
8435077,15,15
5825561,9,6
8346860,5,5
11342406,14,14
11307883,2,1
4071843,7,3
9259177,20,20
8243800,5,3
11393489,9,9
7187336,6,5
4585080,11,4
4380193,2,1
7010603,12,12
4936044,6,2
8007407,5,3
8641483,22,13
9271315,8,8
5363793,22,8
7953453,1,1
9793589,4,4
10168140,7,7
7626930,7,3
11397472,10,7
D954440,8,8
5755157,6,6
6323134,7,7
11139044,14,11
6460058,13,13
8235238,40,32
11182976,2,1
10812535,4,4
6255281,35,7
10812163,11,11
9564942,14,10
11009639,3,1
8043401,2,1
6302612,20,16
10298614,3,3
7546035,8,3
11271017,16,16
5326251,3,2
8618013,16,16
8309564,11,11
4580990,7,1
4503491,4,2
11396444,13,5
10989397,7,4
9068911,11,11
4009739,6,2
4676849,2,2
9145532,7,7
6492510,4,4
9822831,3,3
D484571,4,1
7188315,4,4
9373190,22,14
6719100,16,13
10435915,94,40
6023538,66,40
6571505,12,4
8706210,45,34
6071211,5,5
6193899,13,7
10087750,12,9
4497054,12,12
4442715,10,3
9711917,15,5
6799154,9,9
7921433,2,2
8565397,20,18
7062569,11,4
10581904,13,11
8394260,1,1
5925189,5,2
4947411,5,4
9621629,11,11
7989244,7,3
4001198,7,3
4489651,31,21
9048890,6,4
9503602,8,8
D669808,4,4
7901295,28,7
7827129,6,3
11359606,24,13
7108592,30,16
D261144,6,5
6914326,21,7
5193387,13,13
8042650,3,2
3937437,7,2
4983873,6,3
D300947,5,3
5995395,7,5
4897515,9,3
7303519,21,9
6439885,6,1
7929903,6,6
6749712,2,2
7111632,5,5
8516033,92,27
4392330,13,4
5593297,14,9
9502388,39,22
7445067,9,9
5766570,21,17
9541878,13,13
5532977,10,9
8474111,16,3
D765005,6,6
7493330,7,7
5958625,24,15
10672002,8,8
11191196,13,6
7822282,28,25
11359237,5,4
10449457,7,5
5186168,33,11
7249254,11,11
7909783,8,8
10748982,21,12
4661123,5,4
4866421,9,8
5231997,25,23
10772629,109,62
4209229,5,2
7709055,9,5
11176914,26,26
7254111,7,6
7210872,17,9
6775936,19,6
7852869,7,2
7512046,10,9
6998880,2,2
9306913,10,10
4586502,15,4
8189531,7,6
6129364,16,4
11102602,6,6
11393772,6,3
7953434,32,27
11193524,40,19
10864237,16,14
9648807,4,4
7398284,8,7
5572466,26,14
8490829,7,7
3957179,12,2
8528885,16,6
8769996,7,6
5152128,9,5
4169069,11,11
10525151,2,1
6995839,5,5
8376159,7,7
9497117,38,34
8497583,9,4
8955204,2,1
6767804,13,8
4365836,12,7
5971913,9,6
9859371,10,9
9144601,7,4
8908389,18,17
11177609,12,10
9029156,9,9
10605508,8,8
5847468,44,11
4792082,4,3
D710448,7,4
4144472,1,1
7159618,11,6
11321002,8,6
D648547,6,4
7603858,14,10
11149568,17,9
6808585,4,2
8495114,6,4
6936143,3,3
4915188,10,6
4962292,4,4
10565890,5,4
D899605,7,2
D259676,7,2
4396699,1,1
11220631,14,8
11122130,7,7
7508904,11,8
4865127,16,8
11256841,20,18
4275628,10,4
10149264,5,4
9423383,80,53
10957233,17,15
D258678,5,1
9648011,3,3
5784363,3,2
8203116,17,15
8898689,8,6
6223716,16,14
8120063,7,5
8978131,3,3
RE29696,5,7
9207222,5,4
4825451,3,2
7408523,8,5
10816486,27,17
D495518,7,4
D414595,6,2
8928882,28,14
5936346,23,14
10593725,13,9
10118171,13,9
5679388,4,1
8081064,7,7
5073440,3,2
D715073,7,2
6412941,14,14
5260788,9,7
10121766,9,5
D308684,5,2
10432143,7,6
9783775,19,13
7666276,3,3
8066839,27,9
D835932,4,4
7505485,3,3
10885690,30,15
10517154,9,6
6599116,9,7
8362470,1,1
9104897,8,8
7868826,5,5
10054427,14,14
D418492,8,4
10533654,14,13
4653582,7,3
5999425,6,5
7665142,24,17
11238472,6,6
5580103,8,3
8970896,4,4
8726665,37,31
6418827,18,7
8234438,10,9
11147385,42,27
D451660,4,3
7407088,8,6
5764254,27,15
8159216,9,7
5600777,11,7
8537700,6,6
8250520,10,10
5008161,6,2
8444909,10,3
9147523,11,7
11419183,11,6
D483374,7,5
6965753,10,9
8152232,16,16
8744326,3,3
D944433,8,8
9805340,6,5
10048280,5,5
10229279,34,30
7097889,4,4
7172385,28,25
D955786,7,7
6583436,8,8
8930912,8,8
8264140,4,2
5988539,9,5
5775684,11,11
9518912,4,4
8880313,1,1
8733212,43,30
9257734,15,9
4768270,6,3
10252546,13,12
8011523,15,12
4374426,6,3
8468911,7,4
4722037,2,1
10293441,18,18
7902513,7,7
9046813,6,6
5623097,13,5
8741041,1,1
9647824,9,8
7060913,6,6
4832267,9,6
9716984,5,5
D730423,7,7
10878560,32,14
D270549,4,3
11108413,12,10
5125358,13,11
5969663,42,14
4164079,7,5
4120266,10,6
9164345,8,4
7972073,20,7
5568583,9,5
4642009,3,1
9933545,4,3
7677676,4,2
6435948,23,16
6774921,10,10
9050132,18,9
D465570,2,4
D783778,7,7
8349383,7,7
9547842,7,7
4953416,5,3
6545216,9,8
5672539,12,5
6116054,3,2
6498562,5,5
9217279,7,4
10042116,10,7
10498122,21,18
D531736,6,5
9078580,24,21
7485051,10,10
6649002,33,27
6393294,10,10
4285485,5,1
D948507,14,13
4035686,7,3
9838006,16,13
9399830,7,7
7824561,11,4
7429097,70,42
D776016,7,6
8171171,22,18
5717901,4,4
7751941,33,28
3936866,7,2
8012621,3,2
7155353,13,13
6251768,7,7
10846710,13,8
10846816,12,12
9876257,13,6
6371697,10,7
10876944,11,5
6787590,0,0
7177182,37,27
6000996,10,8
9433490,24,17
10292010,11,10
5762543,14,8
9176751,5,4
5954905,1,1
10256253,7,7
D521967,7,4
10958865,4,4
5971788,6,4
6839671,6,6
4163621,7,3
8062132,10,10
10457045,20,20
9134283,6,4
6534543,0,0
8931263,5,4
11251383,17,8
11088466,12,11
5771874,7,5
8572515,10,10
7440986,4,4
11284121,6,6
7253692,9,6
D613215,7,6
7609909,13,9
6006272,4,3
9025583,43,36
D809475,7,5
7877665,11,7
10869955,7,6
9192708,12,12
7999104,1,1
7663064,39,12
10988603,3,2
7623702,16,9
6557127,3,2
9928729,9,9
4075615,6,1
7066817,9,5
D519456,5,4
D500008,7,4
9866284,13,4
11024893,7,4
7999517,2,2
9527331,23,11
11211673,12,12
7354062,4,2
7954215,23,11
6849528,14,6
8359400,69,58
5195572,12,2
D904677,7,5
10203391,15,7
9930310,20,18
4803316,30,17
10576784,3,3
10527197,14,9
9887004,7,4
5653924,38,16
10884792,7,7
8175465,8,7
D376381,6,3
4773280,8,2
5192389,22,16
6333309,19,18
11166119,2,2
11431156,17,16
6772754,10,6
9798068,23,14
7277415,20,19
5900933,2,2
9463654,12,11
5693421,11,4
7118892,60,46
9078205,13,13
D608457,5,4
4231165,2,2
7991313,17,15
5914282,5,5
7076548,17,17
9122012,14,11
9052405,15,13
8759499,9,9
5553196,77,27
8266916,7,4
7409065,6,5
9534228,28,51
10793970,8,3
10188220,11,8
9346356,39,15
6643765,151,148
5846693,92,22
9914723,13,13
7864118,11,6
6240867,13,10
5486292,1,1
7114238,10,4
6100864,15,15
9910255,15,8
10195809,7,5
6415852,2,2
6099287,7,4
8822829,7,7
11005675,12,12
9004687,11,10
11321788,8,6
9034286,1,1
9641237,14,14
6069662,17,10
8767602,12,11
11050489,5,3
8655750,7,5
4535747,6,1
6399502,13,4
3985233,5,3
10169707,21,21
10053275,26,15
8458647,5,5
9470281,12,10
4546970,18,8
4367023,4,3
8353334,13,7
4097778,15,4
8528511,68,46
9415881,2,1
7200969,8,3
7792469,34,30
6480223,3,2
5869106,11,5
8194398,97,27
6834813,5,4
4307596,5,3
4318949,11,2
9323371,10,9
9011543,68,26
6540495,7,4
6306706,5,5
6341768,6,4
10676303,31,20
4859129,4,1
8076785,15,15
11053308,48,29
7283693,15,6
9077277,4,2
5362261,13,11
8649716,7,7
5720623,5,3
10817428,4,4
10478799,5,4
8113090,9,8
5623134,9,5
10350734,17,12
7789320,10,7
D429262,10,4
9798391,22,19
8773618,10,10
D419210,7,3
6887679,6,4
5638613,4,1
8613883,10,10
10131803,16,10
4657671,12,3
10073900,6,6
6495048,3,3
D633529,8,2
5540306,13,8
7907868,19,19
9348027,21,11
6007367,6,2
10477999,7,5
D327582,6,1
6415464,6,6
8413219,5,5
7912694,23,21
D571973,7,7
8533388,11,11
9479763,15,13
8918529,9,9
D322507,4,1
4260894,4,2
8564443,13,13
4174743,7,2
8046162,13,9
10628480,10,9
10724525,20,20
9046598,11,11
5707053,11,6
D628832,7,7
5856773,8,4
11111180,9,5
5547560,1,1
10913969,18,14
9043442,11,11
9312538,5,5
9753674,16,8
9844992,36,16
9758168,5,5
9091159,26,15
10008659,41,30
9420352,10,8
D632143,7,2
11334843,57,54
4041218,2,1
5271731,4,2
7895557,4,4
D789911,7,7
4884684,7,3
9951898,8,8
9975805,10,6
D400898,6,3
11311533,1,1
8329192,2,2
6726823,81,55
10547156,25,13
9999379,14,13
5400552,5,3
6758134,4,2
9998486,7,7
9521662,5,4
9308907,2,2
4962761,22,7
10473653,4,3
5549175,17,11
D741885,6,6
6418677,37,37
5743224,5,3
9006091,16,16
6538573,4,4
8574779,2,2
10619238,7,6
4078592,7,3
4402253,4,2
4641855,6,3
7623440,124,108
8775656,5,5
10307665,4,4
7225598,6,3
7292757,4,4
10764635,10,10
7537219,4,4
5063020,4,2
8914734,13,13
6876764,7,4
6904785,0,0
D416923,5,1
7957166,25,17
5369737,4,4
4378724,3,1
4662366,4,3
6986762,7,6
4687243,5,4
4779854,2,2
11224574,4,3
7540667,4,4
6483687,4,2
10947264,10,10
D884608,8,8
6305003,19,15
6336919,4,4
10379964,16,16
D562441,4,4
7991390,2,2
4027445,3,1
4856804,12,5
8232930,6,6
7505876,14,8
7595187,6,6
9722612,4,4
4407020,3,3
7758663,13,11
8322595,8,4
11149210,2,2
D372157,5,3
10000942,8,7
4031004,21,6
6549368,5,4
8901838,17,15
10572528,5,5
D801843,6,5
4799633,8,2
5245094,1,1
6031243,9,9
7195504,21,17
7161356,16,10
5211384,19,14
5209588,5,3
4464197,16,6
10513703,8,8
9104077,9,9
9047371,7,7
7903888,48,24
8985914,4,3
6533697,5,3
8188818,4,4
4386501,4,4
8554111,12,8
10535300,9,8
10336452,15,8
10238430,50,14
10306023,9,9
7094154,8,8
4852518,2,1
6866597,5,2
9685857,10,4
10250630,4,3
D806370,8,6
D846463,10,9
8635319,8,6
8620537,21,16
8984937,15,6
6103487,2,2
10124790,4,3
D682362,7,7
6634933,19,7
9181942,3,3
7382282,59,27
D955045,28,24
8259831,7,5
6094157,6,3
4057898,6,1
4974072,21,15
4532094,2,1
9278792,12,5
7076756,26,18
4077343,3,1
4347287,9,2
PP6193,1,1
8036874,14,14
5432942,5,4
D687282,11,6
5615372,10,8
4387694,2,1
4322691,1,1
D551723,6,4
5910893,22,11
4135930,6,2
9848823,10,9
6100852,33,9
9115969,9,5
5839830,3,1
11138435,6,6
4755636,5,3
5832869,21,8
9402596,6,6
9312761,8,5
8748870,16,5
5380088,20,6
10411226,5,5
4580474,8,3
7269223,13,10
9424980,24,12
4653606,7,5
11143431,14,10
5673677,17,12
7368027,51,28
D419094,8,5
D402382,4,2
D927195,9,9
5864383,11,5
D250727,6,1
6952449,5,3
9384805,7,7
8525851,10,9
9686896,61,10
11350203,89,84
7895467,21,17
6485190,6,4
11336014,72,46
8093723,40,30
6805038,10,8
4314243,4,2
5503530,2,2
8204997,46,41
6104485,7,6
6590340,4,2
4876926,4,3
D512917,3,3
6729962,11,5
D371036,4,4
7196860,10,9
5152513,13,12
10959289,3,3
6605528,10,4
8775115,24,19
10590773,2,1
10132593,16,13
5648821,8,4
10056164,16,8
6196859,5,2
8854462,5,5
7545393,23,14
3934732,6,5
10181359,54,28
9191501,16,16
8148777,139,61
5621821,10,7
5894563,5,4
D705772,60,44
4633648,7,2
8713190,3,3
9425803,10,10
7143844,32,24
7605559,15,12
9844248,24,17
7179188,8,8
11416921,7,7
7316545,2,2
5912654,8,3
11397348,5,2
9270091,15,11
9743683,4,4
5498066,7,6
10242560,9,8
8618964,9,9
11159687,58,30
11053446,2,2
8821678,14,14
10507705,7,7
11146835,41,27
6976911,2,2
D550313,3,1
6361184,22,6
7157031,8,3
10728616,11,11
9684183,9,5
6582737,2,2
7380003,5,5
4741814,4,1
10701451,20,14
4926789,20,17
5403084,38,9
8510791,7,7
10764979,7,6
8998833,12,6
6281581,20,7
8291486,10,5
8880047,10,10
5828465,35,26
5066016,5,2
8810509,7,3
4695376,4,2
D261166,4,1
9682205,65,22
8848068,8,4
6507152,5,3
8957850,10,9
5193110,17,16
8988346,7,7
8305003,7,4
11355791,29,22
5643177,9,3
8080196,55,34
4929143,9,3
D336133,6,3
5235490,13,9
11377288,3,3
7280701,22,20
8705303,12,11
8938235,10,10
11050067,15,15
9700938,4,4
9619288,6,6
10100470,8,6
5395301,10,5
10324905,17,17
7434465,2,2
10241288,15,10
6428775,0,0
D557969,7,7
4629831,11,8
9428227,3,2
11236536,15,15
7877756,3,2
6436760,29,9
9253222,8,5
8220063,3,3
4920421,5,4
10456722,6,3
PP17567,2,1
D565230,7,7
5791628,1,1
7719916,7,7
7851550,7,4
6705850,6,6
5991300,14,8
9096537,5,5
5661332,6,5
5328677,6,3
8286173,8,8
7703197,11,11
7254114,9,8
D267094,4,1
6827529,49,15
5906529,27,7
8869928,9,8
9818046,9,9
5853563,5,2
8674588,60,24
5376185,7,6
4245506,7,1
4357779,6,2
4264302,14,4
8222304,2,1
10396815,11,11
10205611,16,15
10146005,47,33
10631482,3,3
6274079,5,2
5731587,18,8
8351042,45,11
10867400,4,4
6429055,8,4
8934012,21,15
5003127,16,7
4346656,5,4
8165766,1,1
3972210,2,1
4316428,2,2
10370316,4,2
10320515,10,10
4823301,6,5
8199706,10,6
4002518,4,1
7956792,5,5
8174513,22,12
7782309,4,4
10180204,78,51
D832298,4,4
6972158,44,28
6743997,5,1
9432354,3,3
8953821,9,7
11228166,14,8
D782201,7,6
10047796,7,7
6254611,14,7
10022146,9,9
5509414,6,2
RE37844,7,4
7306665,1,1
PP5255,1,1
11410740,10,10
7445827,5,4
7265898,39,28
9632509,4,3
D742359,7,7
11419749,84,48
8994126,28,16
6964630,19,7
D592504,6,3
10898817,23,11
10732893,14,12
5346280,14,6
5769574,9,6
10399550,11,9
10090549,3,2
6947409,12,11
5146312,12,8
5991371,57,51
7466184,9,4
7173900,3,3
10023515,2,2
4389018,6,1
7101789,9,5
6344780,12,7
4241927,5,1
11113116,10,9
10788362,45,30
4166929,2,2
7107812,17,8
8014753,3,3
9811204,18,10
6391219,38,8
4388253,11,2
10114605,14,12
11351149,15,15
4590971,2,2
5290311,3,2
4725918,4,3
9954065,21,8
11025068,55,47
6803290,10,4
11062979,19,10
7275955,8,8
5427116,4,4
10824108,33,20
11448928,30,29
10390543,10,10
10770636,36,14
11287305,40,39
6375520,6,3
5952302,19,19
9735017,17,13
6442318,20,16
7444359,13,11
6599551,29,29
8482900,3,2
8474011,4,4
9435832,8,4
5994234,10,5
7065300,8,8
10104617,13,13
11302391,17,17
8050861,2,2
D387183,12,12
4788926,2,2
6911594,6,6
7692280,35,9
8462190,22,20
6598648,24,12
8080737,14,5
7667310,54,19
4798037,2,1
9097380,16,6
10241627,17,16
10605394,8,6
8841999,12,10
10185829,10,7
6043504,25,22
4687060,5,2
6798120,30,9
10419704,13,9
7782753,3,3
5702261,7,5
10080602,4,3
7755366,13,13
8381844,13,10
5777105,1,1
9600575,8,8
10027415,19,19
7678640,8,5
6283763,12,5
4731054,4,1
D516856,8,5
7124366,59,24
7145218,5,2
8900896,18,18
10476827,28,14
9869432,41,18
8987952,11,11
9194191,12,12
4280512,4,1
10759770,2,2
6337645,15,10
7056634,4,4
7648081,4,4
9717354,52,40
6784473,54,20
5446389,6,6
10248469,6,6
6844205,11,8
9079738,13,9
6033311,5,3
8587766,15,9
9487044,5,3
7194886,47,18
7609027,58,57
6706113,5,4
6718493,4,2
9037275,9,6
3949959,5,3
3976459,6,1
6121818,5,3
10109252,15,14
9527147,9,9
5803651,9,4
9178416,20,18
6333490,17,16
4628222,1,1
4359303,18,4
D449790,5,2
8285109,8,7
D287687,31,5
6269196,1,1
8693822,3,3
11241402,6,15
4662821,4,3
10737187,17,13
8669407,1,1
11309227,28,10
7049449,2,1
10424084,7,7
8149464,14,10
5479244,6,3
9424830,23,18
D612437,7,7
10265824,3,3
10525947,8,7
10308224,5,3
11036806,13,9
10251515,17,11
9485061,4,4
5697191,8,5
11129185,17,17
10147819,37,16
8182375,22,20
4347483,24,5
8622307,10,10
9953152,18,10
7611182,8,6
5289902,26,15
5014512,7,2
D351993,8,4
6346448,29,5
9343638,11,9
9222712,10,6
9836784,13,13
8286295,16,13
9364505,10,8
7737131,30,17
5822809,11,4
7555890,8,6
3971244,10,2
D268350,5,1
9037587,10,10
4313594,7,3
10082426,5,4
11262591,24,20
10332703,48,22
5351329,9,7
7803408,4,4
6078574,2,2
8122361,9,8
10581738,6,6
6754489,3,3
6289346,2,2
6275043,14,3
7590623,15,8
8398968,22,22
D768702,3,3
8519497,8,7
8559533,4,4
11257414,9,9
5685428,14,8
11108493,8,6
10047565,7,6
6313855,9,7
7720815,8,7
10659426,7,6
D573544,7,7
3988583,3,2
9445401,7,4
11061326,1,1
7558532,7,6
D457282,6,3
7172759,10,10
6591417,2,2
6839556,11,11
D836226,6,4
7071117,9,5
6726871,6,2
7789617,1,1
PP30750,2,1
4352264,5,3
7374513,11,5
4676095,2,2
9459196,17,14
5346609,3,3
6665587,4,4
10971399,15,14
4134073,3,1
6910760,38,14
6811909,35,19
7218640,9,6
8464767,9,9
8504142,15,15
4339445,4,4
7231426,7,6
5353479,22,7
11105162,12,7
4662463,4,3
9007915,9,9
4720363,5,2
8217330,7,5
11207783,43,41
8973332,6,6
9805368,8,7
5924734,4,4
4629696,1,1
D923010,10,10
8356321,10,10
5156310,2,1
D698679,8,3
7322216,4,2
D934524,9,9
4548712,51,20
D484608,4,1
8471174,24,7
8683011,6,6
6172318,5,3
10829773,11,11
10801115,8,4
7067262,14,10
7106322,41,35
8055679,9,7
11180394,3,3
D804049,8,5
5731946,2,2
PP10727,2,2
10741675,53,53
D554621,5,5
9702418,21,12
9771254,8,7
6738920,5,2
11355043,11,9
7877468,9,9
10819799,4,4
7116975,11,10
10716327,15,9
11251636,13,8
9292442,12,12
4145175,4,2
9660792,4,2
9249598,11,10
4610384,30,15
8833875,9,5
7340441,10,5
6145423,9,5
6565250,9,9
9081471,9,7
9779947,16,9
7186592,7,6
9282908,161,64
8680644,17,7
11192908,13,7
7668741,11,7
5739047,12,6
6826019,11,9
D604279,8,2
5050491,2,2
6323270,0,6
8390637,13,13
7588943,4,2
6403013,0,0
10012260,11,10
9209831,3,3
8238900,14,11
6549091,6,6
9178462,14,8
7872120,6,6
6784178,9,5
6085299,3,2
6924101,12,12
6685367,8,5
11145022,27,26
4233507,5,1
8380182,6,6
4569241,1,1
6797106,18,13
10625078,11,11
5782866,9,2
10474181,7,3
7690308,14,5
4761828,24,11
7963060,18,15
4029925,6,2
9866769,5,3
8519522,8,4
6179824,20,12
5735174,16,7
8408660,21,16
4948351,6,2
8326860,22,22
D572499,6,6
9438873,5,5
4816809,2,2
10772131,15,15
10331567,16,12
RE47539,12,10
9657756,8,8
9523225,10,10
9046215,15,12
D943903,7,6
7444279,7,7
9095303,31,21
11235950,8,4
D744308,7,7
D691770,16,11
3944203,6,2
10164898,4,4
9186518,23,14
D246962,3,1
6952356,6,6
7161052,1,1
3945610,5,3
11054306,12,12
4561730,5,3
10991852,15,8
6448432,2,2
7464121,18,15
5772072,60,37
6519198,9,4
9088389,21,14
9413194,14,14
D594816,3,3
6264696,6,4
9948504,4,3
6335942,10,7
8529234,5,5
7123704,6,6
10142453,40,39
11153233,12,5
6361112,25,17
8672946,20,11
9448018,3,3
8648383,37,17
11143776,14,14
8836351,17,11
D738776,6,1
4450757,4,3
4393122,5,2
7104897,5,3
8950664,24,24
8461991,4,2
6323048,13,6
4166786,7,3
7085121,20,7
D243321,5,1
8358676,4,4
11447494,21,18
6102685,10,6
10578972,11,7
6083813,7,5
4141481,18,7
9043414,9,9
D743781,5,3
10326819,6,5
11369243,68,68
10425625,11,10
5006126,1,1
6548943,32,16
9779538,25,19
5286379,11,5
D402632,7,4
8148147,7,7
5819894,6,6
8521459,13,10
6415817,9,6
6937153,7,4
D578850,6,5
9618130,17,4
4951079,8,5
9704228,10,10
4502306,4,2
8988286,5,5
9114594,5,5
10756865,14,8
4593158,2,2
9212577,11,6
5312431,7,4
5189747,11,6
9300766,9,9
8319185,4,3
7846794,13,6
10850768,3,3
6690560,10,6
7976314,22,22
10731367,11,11
6925098,24,19
5741286,12,6
7077428,23,19
4223663,4,2
6795995,4,1
4023422,7,2
9545141,16,14
7649373,9,6
9149641,15,11
5756463,7,4
5032073,14,3
7428577,20,17
8886251,7,7
9217584,28,14
5829277,5,2
6992666,15,13
11107419,11,9
5883135,1,1
9309703,16,13
7834359,21,9
10592111,12,12
10499509,17,11
4544366,3,1
6445722,9,8
5335609,3,3
5540475,6,2
10743373,14,11
8780046,17,11
6187100,17,11
10302257,5,4
5214769,7,7
11102122,33,27
D482703,8,4
D407923,5,1
5207686,5,2
9744832,8,4
6534475,0,0
4464627,7,3
5576895,9,4
D671295,8,5
8526225,5,3
9817356,8,4
6197077,8,4
5179677,6,4
7407059,15,8
10963126,11,11
6444541,6,2
10029594,8,6
4289853,3,1
11253410,9,9
5420088,3,3
7860810,5,5
6451596,25,19
9223722,12,9
5704158,11,5
9809394,14,10
9646937,13,7
7853111,10,5
6976370,2,2
9140143,4,4
8782757,15,14
5533724,6,5
10678429,30,17
7499683,4,3
3938787,4,2
6101551,6,6
5818003,9,4
10357991,11,11
11309289,69,63
6580941,9,8
6417641,22,10
7792009,6,3
4497156,7,3
5704542,11,3
4545893,3,3
6513801,7,2
10011448,10,7
4504300,3,2
4108253,6,3
7299749,1,1
8195338,4,4
10000085,13,6
7082114,13,6
4082525,14,3
10157893,40,12
D773688,7,3
7006760,28,14
D469192,5,2
10328159,24,24
6834987,5,2
8920896,7,4
6550221,12,9
7666238,4,2
7021745,78,35
4280610,4,2
