patent_id,published_or_filed_date,filed_country,application_kind,pct_doc_number,pct_doc_type
9090120,2009-07-02,WO,A,WO2009/081077,wo_grant
11298944,2019-08-01,WO,A,WO2019/147238,wo_grant
8367588,2007-04-26,WO,A,WO2007/047301,wo_grant
10326247,2016-05-12,WO,00,PCT/US2016/032170,pct_application
6652844,1999-12-29,WO,A,WO99/66885,wo_grant
8945456,2011-02-10,WO,A,WO2011/015566,wo_grant
8926707,2011-04-19,WO,00,PCT/GB2011/000595,pct_application
8216973,2009-04-15,WO,00,PCT/EP2009/002742,pct_application
9476588,2011-10-21,WO,00,PCT/JP2011/005901,pct_application
9020554,2009-06-24,WO,00,PCT/US2009/003746,pct_application
9937515,2015-10-08,WO,A,WO2015/149864,wo_grant
5990810,1996-02-15,WO,00,PCT/AU96/00081,pct_application
7600560,2005-09-15,WO,A,WO2005/085738,wo_grant
10765629,2019-01-31,WO,A,WO2019/023211,wo_grant
10877034,2015-12-23,WO,A,WO2015/193552,wo_grant
8538902,2009-03-05,WO,A,WO2009/028558,wo_grant
10062483,2013-07-04,WO,A,WO2013/099274,wo_grant
10670099,2016-10-03,WO,00,PCT/JP2016/079277,pct_application
5218527,1991-02-18,WO,00,PCT/JP91/00198,pct_application
8589158,2009-07-10,WO,00,PCT/EP2009/058808,pct_application
11121095,2017-12-15,WO,00,PCT/JP2017/045069,pct_application
8905070,2010-04-26,WO,00,PCT/NL2010/050227,pct_application
7935907,2007-08-02,WO,A,WO2007/085425,wo_grant
8103012,2007-02-22,WO,00,PCT/EP2007/051723,pct_application
10854325,2017-11-09,WO,A,WO2017/190959,wo_grant
10411951,2015-02-10,WO,00,PCT/US2015/015122,pct_application
9561251,2009-05-22,WO,A,WO2009/062993,wo_grant
7205211,2003-10-09,WO,A,WO03/083930,wo_grant
6488324,1999-10-28,WO,A,WO99/54152,wo_grant
7063778,2003-07-17,WO,A,WO03/057368,wo_grant
4944428,1986-03-27,WO,00,PCT/EP86/00187,pct_application
11015975,2018-11-22,WO,A,WO2018/213286,wo_grant
10996641,2017-10-02,WO,00,PCT/SG2017/050493,pct_application
7798110,2005-08-18,WO,A,WO2005/075796,wo_grant
10689922,2017-02-24,WO,00,PCT/NO2017/050052,pct_application
11155442,2015-12-18,WO,00,PCT/US2015/066587,pct_application
11310889,2019-12-05,WO,00,PCT/EP2019/083787,pct_application
11310426,2019-02-07,WO,A,WO2019/026615,wo_grant
8405389,2008-12-26,WO,00,PCT/JP2008/073964,pct_application
4987718,1988-05-19,WO,A,WO88/03593,wo_grant
10469226,2017-04-13,WO,A,WO2017/061774,wo_grant
9533693,2013-06-20,WO,A,WO2013/087206,wo_grant
9292548,2013-05-10,WO,A,WO2013/066320,wo_grant
6095397,1997-03-13,WO,A,WO97/09739,wo_grant
8861587,2012-01-26,WO,A,WO2012/011860,wo_grant
11007818,2018-03-22,WO,A,WO2018/050756,wo_grant
8793830,2011-04-25,WO,00,PCT/IB2011/051792,pct_application
9608629,2014-10-09,WO,A,WO2014/162668,wo_grant
7964687,2005-07-07,WO,00,PCT/JP2005/012580,pct_application
9941573,2015-01-20,WO,00,PCT/JP2015/000223,pct_application
7175759,2003-06-19,WO,A,WO03/050356,wo_grant
9523848,2013-09-26,WO,A,WO2013/139866,wo_grant
10787430,2017-12-21,WO,A,WO2017/218960,wo_grant
6942915,2000-09-28,WO,A,WO00/56993,wo_grant
7742610,2002-02-14,WO,A,WO02/12022,wo_grant
11088899,2018-12-27,WO,A,WO2018/236005,wo_grant
6895616,2002-02-07,WO,A,WO0209634,wo_grant
10774601,2018-01-25,WO,A,WO2018/016964,wo_grant
6190074,2000-01-27,WO,A,WO00/03617,wo_grant
9960627,2013-06-27,WO,A,WO2013/094464,wo_grant
10228171,2015-06-25,WO,A,WO2015/093126,wo_grant
9855712,2014-12-31,WO,A,WO2014/207443,wo_grant
8595713,2005-06-21,WO,00,PCT/SE2005/000965,pct_application
8689459,2008-06-12,WO,A,WO2008/069639,wo_grant
9205729,2012-12-20,WO,A,WO2012/173191,wo_grant
9918181,2013-06-26,WO,00,PCT/KR2013/005638,pct_application
10123211,2013-12-11,WO,00,PCT/US2013/074455,pct_application
7243827,2002-05-02,WO,00,PCT/DE02/01590,pct_application
8531074,2007-10-10,WO,00,PCT/EP2007/060767,pct_application
6266005,1999-01-13,WO,00,PCT/DE99/00038,pct_application
8841977,2009-06-17,WO,00,PCT/KR2009/003241,pct_application
5958251,1996-02-29,WO,A,WO96/06045,wo_grant
11439734,2015-03-26,WO,00,PCT/EP2015/056575,pct_application
8252951,2009-04-30,WO,A,WO2009/053545,wo_grant
9534459,2013-06-06,WO,A,WO2013/082386,wo_grant
10336209,2015-01-02,WO,00,PCT/EP2015/050008,pct_application
7977475,2006-10-05,WO,00,PCT/IB2006/053651,pct_application
7863983,2004-05-19,WO,00,PCT/US2004/015856,pct_application
9803233,2014-06-12,WO,A,WO2014/087410,wo_grant
10774043,2017-11-09,WO,A,WO2017/191657,wo_grant
10253907,2017-08-24,WO,A,WO2017/143019,wo_grant
8289959,2007-09-27,WO,A,WO2007/107432,wo_grant
9815779,2014-11-27,WO,00,PCT/JP2014/081354,pct_application
9116307,2011-10-03,WO,00,PCT/JP2011/072741,pct_application
8539861,2011-02-24,WO,00,PCT/JP2011/054823,pct_application
7420311,2004-05-14,WO,00,PCT/DE2004/001007,pct_application
7838567,2003-08-14,WO,A,WO03/066716,wo_grant
8532884,2009-03-11,WO,00,PCT/JP2009/001089,pct_application
10319305,2016-02-03,WO,00,PCT/JP2016/053154,pct_application
4550538,1982-07-29,WO,00,PCT/AU82/00119,pct_application
5597597,1994-04-27,WO,00,PCT/GB94/00898,pct_application
7495819,2004-07-01,WO,A,WO2004/055586,wo_grant
10990262,2017-04-13,WO,00,PCT/JP2017/015136,pct_application
7432280,2005-01-06,WO,A,WO2005/000305,wo_grant
7432726,2004-04-13,WO,00,PCT/JP2004/005269,pct_application
9604306,2013-04-25,WO,00,PCT/JP2013/062191,pct_application
11085099,2017-02-15,WO,00,PCT/JP2017/005466,pct_application
7665360,2006-04-20,WO,A,WO2006/040931,wo_grant
11044524,2016-12-16,WO,00,PCT/IB2016/057742,pct_application
10696762,2016-02-25,WO,A,WO2016/026878,wo_grant
8431616,2005-11-14,WO,00,PCT/RU2005/000563,pct_application
8481750,2010-12-09,WO,A,WO2010/141330,wo_grant
11350580,2018-01-25,WO,A,WO2018/014055,wo_grant
9334602,2010-04-15,WO,A,WO2010/040674,wo_grant
10165990,2014-12-26,WO,00,PCT/KR2014/012903,pct_application
10808085,2018-01-04,WO,A,WO2018/003513,wo_grant
9766452,2014-09-02,WO,00,PCT/JP2014/004483,pct_application
11096903,2016-05-30,WO,00,PCT/KR2016/005721,pct_application
11269270,2020-01-23,WO,A,WO2020/018195,wo_grant
7833732,2006-07-20,WO,00,PCT/US2006/028032,pct_application
9739373,2013-05-16,WO,00,PCT/JP2013/063686,pct_application
11039286,2019-03-14,WO,A,WO2019/050358,wo_grant
11450938,2019-03-21,WO,A,WO2019/055002,wo_grant
10446765,2015-06-30,WO,00,PCT/KR2015/006723,pct_application
11002212,2019-03-15,WO,00,PCT/CN2019/078244,pct_application
10966993,2018-06-21,WO,A,WO2018/108111,wo_grant
8793903,2009-10-19,WO,00,PCT/CN2009/074507,pct_application
4727025,1985-12-19,WO,A,WO85/05641,wo_grant
10903982,2019-06-27,WO,A,WO2019/120092,wo_grant
6213635,1999-02-26,WO,00,PCT/CH99/00092,pct_application
9313777,2012-07-27,WO,00,PCT/JP2012/004786,pct_application
9713830,2014-11-18,WO,00,PCT/JP2014/080491,pct_application
8796309,2007-05-10,WO,A,WO2007/052738,wo_grant
10428456,2015-10-22,WO,A,WO2015/158103,wo_grant
7068629,2000-03-16,WO,A,WO00/14904,wo_grant
9101456,2010-03-04,WO,A,WO2010/024879,wo_grant
10269788,2016-09-08,WO,00,PCT/CN2016/098430,pct_application
10024262,2015-04-07,WO,00,PCT/JP2015/060863,pct_application
8397043,2007-12-17,WO,00,PCT/IB2007/055170,pct_application
10626941,2017-06-01,WO,00,PCT/JP2017/020402,pct_application
10777918,2017-08-24,WO,A,WO2017/141822,wo_grant
11291153,2018-09-20,WO,A,WO2018/166561,wo_grant
10324449,2015-02-27,WO,00,PCT/JP2015/055899,pct_application
5931374,1996-06-24,WO,00,PCT/US96/10773,pct_application
10163939,2017-01-09,WO,00,PCT/CN2017/070622,pct_application
8127818,2005-12-20,WO,00,PCT/JP2005/023407,pct_application
11073490,2016-02-05,WO,00,PCT/IT2016/000030,pct_application
6289034,2000-03-09,WO,A,WO00/12766,wo_grant
9077430,2010-04-20,WO,00,PCT/CN2010/071941,pct_application
9416795,2010-03-04,WO,A,WO2010/022726,wo_grant
8487816,2009-11-12,WO,A,WO2009/135839,wo_grant
10420162,2015-05-29,WO,00,PCT/EP2015/061996,pct_application
10116173,2016-08-04,WO,A,WO2016/121050,wo_grant
10653109,2018-06-07,WO,A,WO2018/100555,wo_grant
7602248,2006-07-12,WO,00,PCT/JP2006/314206,pct_application
9573255,2013-04-11,WO,00,PCT/US2013/036153,pct_application
8468901,2008-08-21,WO,A,WO2008/099196,wo_grant
5969854,1997-07-22,WO,00,PCT/EP97/03954,pct_application
10889812,2015-10-24,WO,00,PCT/US2015/057259,pct_application
4694209,1985-04-25,WO,A,WO85/01843,wo_grant
10994962,2019-03-28,WO,A,WO2019/058049,wo_grant
11298984,2017-12-07,WO,A,WO2017/208516,wo_grant
8394559,2007-05-18,WO,00,PCT/JP2007/060220,pct_application
8137687,2006-08-09,WO,00,PCT/US2006/030952,pct_application
9021792,2012-03-06,WO,00,PCT/JP2012/055606,pct_application
11119499,2018-03-23,WO,00,PCT/JP2018/011871,pct_application
8952572,2009-07-02,WO,00,PCT/EP2009/058329,pct_application
8276938,2009-01-15,WO,A,WO2009/008350,wo_grant
5641907,1993-10-28,WO,00,PCT/DK93/00347,pct_application
10641798,2016-11-03,WO,A,WO2016/175116,wo_grant
7357705,2003-12-18,WO,00,PCT/JP03/16210,pct_application
5873271,1996-02-29,WO,A,WO96/05989,wo_grant
10980048,2017-03-23,WO,A,WO2017/045187,wo_grant
6630150,2000-07-20,WO,A,WO00/41676,wo_grant
10212737,2015-04-02,WO,A,WO2015/045959,wo_grant
5902813,1996-10-24,WO,A,WO96/33192,wo_grant
8234887,2006-09-28,WO,A,WO2006/101377,wo_grant
10011943,2014-09-25,WO,00,PCT/EP2014/070466,pct_application
11054750,2015-04-09,WO,A,WO2015/049099,wo_grant
8272217,2005-04-13,WO,00,PCT/EP2005/051617,pct_application
8997822,2012-01-12,WO,00,PCT/JP2012/050465,pct_application
8031577,2007-11-01,WO,A,WO2007/123065,wo_grant
8617854,2010-03-25,WO,A,WO2010/031776,wo_grant
11075506,2019-08-08,WO,A,WO2019/149560,wo_grant
9534069,2013-09-30,WO,00,PCT/KR2013/008755,pct_application
11008516,2018-03-19,WO,00,PCT/CN2018/079423,pct_application
4554390,1983-04-14,WO,A,WO83/01257,wo_grant
10146679,2013-07-04,WO,A,WO2013/101137,wo_grant
9462152,2014-07-10,WO,A,WO2014/107070,wo_grant
7773632,2007-06-14,WO,A,WO2007/065300,wo_grant
10995841,2017-03-29,WO,00,PCT/JP2017/012861,pct_application
5326862,1991-07-15,WO,00,PCT/FR91/00580,pct_application
7756142,2005-02-24,WO,A,WO2005/018188,wo_grant
11181178,2017-06-22,WO,00,PCT/JP2017/023029,pct_application
11216103,2018-12-20,WO,A,WO2018/228114,wo_grant
10894266,2017-08-22,WO,00,PCT/US2017/047888,pct_application
5321861,1991-06-06,WO,00,PCT/GB91/00907,pct_application
7551144,2006-11-09,WO,A,WO2006/118496,wo_grant
10728322,2013-01-31,WO,00,PCT/US2013/024200,pct_application
10229712,2014-05-08,WO,00,PCT/IB2014/000701,pct_application
10590628,2018-04-05,WO,A,WO2018/061454,wo_grant
8587615,2010-12-23,WO,00,PCT/KR2010/009278,pct_application
11060065,2014-06-09,WO,00,PCT/JP2014/003067,pct_application
10361829,2016-05-06,WO,A,WO2016/065527,wo_grant
8816918,2012-09-13,WO,A,WO2012/119619,wo_grant
11448181,2019-04-04,WO,A,WO2019/064080,wo_grant
5925018,1996-05-23,WO,A,WO96/14893,wo_grant
7021231,2002-06-06,WO,A,WO02/44013,wo_grant
11090354,2016-08-05,WO,00,PCT/US2016/045814,pct_application
10865675,2017-04-11,WO,00,PCT/JP2017/014814,pct_application
8513263,2010-04-29,WO,A,WO2010/048314,wo_grant
10634764,2016-10-13,WO,A,WO2016/164031,wo_grant
7803887,2006-09-21,WO,A,WO2006/097500,wo_grant
9359303,2010-04-21,WO,00,PCT/US2010/031916,pct_application
8450074,2010-01-11,WO,00,PCT/US2010/020677,pct_application
6216295,1998-10-22,WO,A,WO98/46185,wo_grant
11208373,2018-05-24,WO,00,PCT/EP2018/063591,pct_application
8675681,2010-01-06,WO,00,PCT/GB2010/000012,pct_application
6161342,1997-07-15,WO,00,PCT/FR97/01317,pct_application
8802814,2012-01-20,WO,00,PCT/FR2012/050130,pct_application
9154242,2013-05-21,WO,00,PCT/JP2013/003213,pct_application
7499444,2004-06-24,WO,00,PCT/IB2004/051004,pct_application
7267140,2003-03-01,WO,00,PCT/EP03/02111,pct_application
10688175,2016-10-13,WO,00,PCT/US2016/056904,pct_application
9321784,2013-10-04,WO,00,PCT/US2013/063347,pct_application
10827774,2018-01-25,WO,A,WO2018/016822,wo_grant
8660686,2009-03-18,WO,00,PCT/DE2009/000371,pct_application
6340201,1999-12-23,WO,A,WO99/66134,wo_grant
7995887,2007-02-08,WO,A,WO2007/015458,wo_grant
6429262,1999-11-11,WO,A,WO99/57195,wo_grant
9953605,2015-12-10,WO,A,WO2015/186832,wo_grant
5702159,,WO,00,PCT/JP94/00684      ,pct_application
5145603,1990-01-04,WO,00,PCT/EP90/00013,pct_application
8805801,2010-12-29,WO,00,PCT/CN2010/080459,pct_application
9334239,2013-12-19,WO,00,PCT/JP2013/084052,pct_application
7540947,2004-01-15,WO,A,WO2004/005908,wo_grant
11448920,2019-12-04,WO,00,PCT/CN2019/123088,pct_application
11100834,2018-11-12,WO,00,PCT/CN2018/114997,pct_application
8183048,2008-07-25,WO,00,PCT/US2008/071107,pct_application
9523379,2011-10-31,WO,00,PCT/NZ2011/000230,pct_application
10856412,2020-01-30,WO,A,WO2020/020900,wo_grant
8831589,2012-04-05,WO,A,WO2012/041022,wo_grant
10744972,2017-03-15,WO,00,PCT/JP2017/010473,pct_application
5873384,1995-05-31,WO,00,PCT/DK95/00212,pct_application
7769569,2006-03-09,WO,A,WO2006/025062,wo_grant
7336068,2003-06-26,WO,A,WO03/052358,wo_grant
10344664,2016-03-24,WO,A,WO2016/043229,wo_grant
10125404,2014-02-27,WO,00,PCT/JP2014/054807,pct_application
9042685,2011-06-20,WO,00,PCT/AU2011/000742,pct_application
9145316,2008-07-15,WO,00,PCT/MY2008/000070,pct_application
5344543,1992-09-03,WO,A,WO92/14538,wo_grant
9834930,2014-07-18,WO,00,PCT/EP2014/065542,pct_application
8374151,2007-08-23,WO,00,PCT/CN2007/002556,pct_application
9649738,2013-11-28,WO,00,PCT/FI2013/051116,pct_application
5654586,1994-11-24,WO,A,WO94/27319,wo_grant
11149479,2018-06-29,WO,00,PCT/CN2018/093609,pct_application
9285600,2012-07-04,WO,00,PCT/EP2012/063049,pct_application
10945407,2016-05-30,WO,00,PCT/SE2016/050502,pct_application
10588641,2016-04-21,WO,00,PCT/US2016/028691,pct_application
9766244,2013-07-01,WO,00,PCT/US2013/048863,pct_application
7245650,2002-09-19,WO,A,WO02/073853,wo_grant
9556943,2014-03-13,WO,A,WO2014/039713,wo_grant
7217479,2002-11-28,WO,A,WO02/095860,wo_grant
9840514,2015-01-08,WO,A,WO2015/001422,wo_grant
9580415,2014-03-13,WO,00,PCT/GB2014/050764,pct_application
6978768,2003-05-01,WO,A,WO03/036066,wo_grant
7939971,2007-04-05,WO,A,WO2007/036542,wo_grant
5717580,,WO,00,PCT/DE94/00226      ,pct_application
10967835,2017-10-27,WO,00,PCT/KR2017/012031,pct_application
7886568,2006-11-02,WO,A,WO2006/115035,wo_grant
9501093,2013-10-24,WO,A,WO2013/158149,wo_grant
10732451,2018-04-28,WO,00,PCT/CN2018/085064,pct_application
7669601,2006-02-15,WO,00,PCT/US2006/005245,pct_application
9221501,2013-12-05,WO,A,WO2013/178502,wo_grant
9371502,2012-06-07,WO,00,PCT/AU2012/000653,pct_application
7892710,2006-01-19,WO,A,WO2006/007192,wo_grant
11289459,2018-05-30,WO,00,PCT/KR2018/006142,pct_application
10093014,2016-06-23,WO,A,WO2016/096819,wo_grant
7287361,2003-10-23,WO,A,WO03/086871,wo_grant
7669885,2007-08-30,WO,A,WO2007/096516,wo_grant
9791051,2013-09-06,WO,A,WO2013/129939,wo_grant
9851029,2013-09-26,WO,00,PCT/US2013/061806,pct_application
9358605,2012-05-16,WO,00,PCT/EP2012/059182,pct_application
5802249,,WO,00,PCT/EP94/02730      ,pct_application
10392436,2016-09-09,WO,A,WO2016/138842,wo_grant
10861694,2017-12-21,WO,00,PCT/EP2017/083988,pct_application
4783303,1986-03-14,WO,00,PCT/EP86/00141,pct_application
10238692,2010-05-20,WO,A,WO2010/056075,wo_grant
8470322,2010-05-03,WO,00,PCT/CU2010/000002,pct_application
10821128,2017-03-01,WO,00,PCT/EP2017/054702,pct_application
8087863,2006-12-21,WO,00,PCT/EP2006/012418,pct_application
11090067,2018-08-09,WO,A,WO2018/144611,wo_grant
9987885,2015-07-23,WO,00,PCT/JP2015/070933,pct_application
10906358,2016-04-25,WO,00,PCT/JP2016/002176,pct_application
8221355,2005-10-06,WO,A,WO2005/092411,wo_grant
11396392,2019-05-23,WO,A,WO2019/095252,wo_grant
5927369,1996-09-13,WO,00,PCT/EP96/04038,pct_application
10179924,2012-10-04,WO,A,WO2012/133495,wo_grant
6297386,1999-06-21,WO,00,PCT/EP99/04297,pct_application
9716274,2014-08-25,WO,00,PCT/JP2014/072172,pct_application
8718982,2010-03-25,WO,A,WO2010/031404,wo_grant
8834935,2011-01-06,WO,A,WO2011/000970,wo_grant
10288868,2015-08-06,WO,A,WO2015/116951,wo_grant
11267136,2016-10-31,WO,00,PCT/IB2016/056560,pct_application
7947658,2005-03-31,WO,A,WO2005/027980,wo_grant
7335291,2002-10-24,WO,A,WO02/083571,wo_grant
9581267,2012-10-11,WO,A,WO2012/138314,wo_grant
8570413,2008-02-07,WO,00,PCT/JP2008/052056,pct_application
7592166,2003-09-19,WO,00,PCT/EP03/10473,pct_application
9515100,2014-12-04,WO,A,WO2014/190712,wo_grant
9718876,2012-11-16,WO,00,PCT/NL2012/050812,pct_application
10662157,2017-10-12,WO,A,WO2017/175613,wo_grant
8747947,2013-03-21,WO,A,WO2013/039506,wo_grant
6173219,1997-06-03,WO,00,PCT/FR97/00971,pct_application
8494678,2008-06-14,WO,00,PCT/EP2008/004799,pct_application
9078297,2009-02-19,WO,00,PCT/IL2009/000199,pct_application
7540879,2001-08-23,WO,A,WO01/60284,wo_grant
10060482,2014-07-24,WO,A,WO2014/111459,wo_grant
9763640,2014-01-03,WO,A,WO2014/000279,wo_grant
6816043,2002-06-20,WO,A,WO02/49140,wo_grant
10194133,2015-05-29,WO,00,PCT/KR2015/005412,pct_application
9579838,2011-12-23,WO,00,PCT/FR2011/053186,pct_application
10728691,2017-08-29,WO,00,PCT/US2017/049164,pct_application
6887560,2002-07-03,WO,00,PCTJP02/06717,pct_application
10005873,2015-09-03,WO,A,WO2015/128471,wo_grant
10539449,2015-08-19,WO,00,PCT/EP2015/069045,pct_application
6312545,1999-02-11,WO,A,WO99/06621,wo_grant
9808003,2014-04-16,WO,00,PCT/EP2014/057835,pct_application
10766170,2013-12-05,WO,A,WO2013/177620,wo_grant
9669838,2013-07-02,WO,00,PCT/EP2013/063917,pct_application
11300452,2018-06-06,WO,00,PCT/JP2018/021762,pct_application
8607862,2009-04-30,WO,00,PCT/EP2009/055297,pct_application
10959570,2016-04-07,WO,A,WO2016/053681,wo_grant
8847367,2009-02-27,WO,00,PCT/JP2009/053716,pct_application
8811971,2009-02-05,WO,A,WO2009/016540,wo_grant
10524676,2017-11-02,WO,A,WO2017/185846,wo_grant
6252440,1999-04-01,WO,A,WO99/16056,wo_grant
8138001,2008-09-29,WO,00,PCT/JP2008/067628,pct_application
9103763,2009-04-30,WO,A,WO2009/053957,wo_grant
9357584,2011-04-06,WO,00,PCT/EP2011/055348,pct_application
10472346,2015-10-30,WO,00,PCT/US2015/058429,pct_application
5637278,1993-07-13,WO,00,PCT/GB93/01460,pct_application
8687957,2009-10-19,WO,00,PCT/CA2009/001493,pct_application
7382221,2004-12-24,WO,00,PCT/JP2004/019399,pct_application
9862019,2013-10-10,WO,A,WO2013/150256,wo_grant
10329899,2016-08-24,WO,00,PCT/US2016/048254,pct_application
10611800,2017-09-14,WO,A,WO2017/153954,wo_grant
6387692,1997-06-12,WO,A,WO97/20946,wo_grant
9093920,2011-10-06,WO,A,WO2011/122706,wo_grant
7268199,2001-12-20,WO,A,WO01/96453,wo_grant
5775891,,WO,A,WO95/33172          ,wo_grant
7687543,2003-01-29,WO,00,PCT/GB03/00364,pct_application
11291778,2018-04-27,WO,00,PCT/CN2018/084848,pct_application
8939127,2012-04-11,WO,00,PCT/JP2012/059902,pct_application
11441217,2019-06-20,WO,A,WO2019/114875,wo_grant
7027517,2000-03-06,WO,00,PCT/JP00/01354,pct_application
11239931,2020-01-09,WO,A,WO2020/009668,wo_grant
10155755,2016-09-09,WO,A,WO2016/140136,wo_grant
9579394,2012-08-07,WO,00,PCT/EP2012/065470,pct_application
8952564,2011-02-10,WO,A,WO2011/016135,wo_grant
6969132,1999-11-04,WO,A,WO99/55199,wo_grant
6786262,2001-03-01,WO,A,WO01/14130,wo_grant
9497758,2009-08-20,WO,00,PCT/EP2009/060770,pct_application
10843160,2017-04-06,WO,A,WO2017/058368,wo_grant
5654993,1994-06-29,WO,00,PCT/SE94/00644,pct_application
8408435,2003-02-06,WO,A,WO03/009728,wo_grant
8684983,2009-11-12,WO,00,PCT/DK2009/050298,pct_application
8601527,2010-02-19,WO,00,PCT/JP2010/052492,pct_application
9457842,2011-06-06,WO,00,PCT/JP2011/062976,pct_application
9403611,2013-11-28,WO,00,PCT/EP2013/074946,pct_application
11129880,2018-06-21,WO,A,WO2018/107705,wo_grant
9337213,2013-10-10,WO,A,WO2013/150981,wo_grant
6878675,2001-09-17,WO,00,PCTEP01/10693,pct_application
10906874,2017-09-18,WO,00,PCT/US2017/052103,pct_application
4549848,1983-01-19,WO,00,PCT/SE83/00012,pct_application
6500632,1999-10-28,WO,A,WO99/54495,wo_grant
8136863,2007-12-27,WO,A,WO2007/147908,wo_grant
8221551,2008-01-10,WO,A,WO2008/004397,wo_grant
10271094,2016-02-15,WO,00,PCT/KR2016/001520,pct_application
8950445,2007-10-11,WO,A,WO2007/113048,wo_grant
10182347,2015-10-08,WO,A,WO2015/151495,wo_grant
10181364,2016-01-07,WO,A,WO2016/003675,wo_grant
10463687,2012-07-26,WO,A,WO2012/100142,wo_grant
7341213,2003-04-12,WO,00,PCT/GB03/01552,pct_application
9580848,2012-12-21,WO,00,PCT/US2012/071177,pct_application
10030967,2014-09-18,WO,A,WO2014/140496,wo_grant
8186719,2007-11-22,WO,A,WO2007/132779,wo_grant
8835631,2008-12-04,WO,A,WO2008/146753,wo_grant
7141901,2002-11-14,WO,A,WO02/091553,wo_grant
10446015,2013-06-27,WO,A,WO2013/093808,wo_grant
9625057,2013-12-13,WO,00,PCT/EP2013/076496,pct_application
9905362,2013-10-17,WO,00,PCT/JP2013/078191,pct_application
8012586,2008-05-29,WO,A,WO2008/063241,wo_grant
10002227,2014-03-27,WO,A,WO2014/045119,wo_grant
7881816,2006-06-22,WO,A,WO2006/064362,wo_grant
4915205,1986-08-04,WO,00,PCT/GB86/00468,pct_application
10022635,2017-04-06,WO,A,WO2017/056335,wo_grant
6428682,1999-03-18,WO,A,WO99/13134,wo_grant
9967901,2011-06-16,WO,A,WO2011/071317,wo_grant
8757809,2010-07-05,WO,00,PCT/DK2010/050175,pct_application
7865787,2005-12-09,WO,00,PCT/DE2005/002223,pct_application
10637111,2016-09-29,WO,00,PCT/KR2016/010915,pct_application
9060141,2011-03-31,WO,A,WO2011/036041,wo_grant
8692301,2010-03-11,WO,A,WO2010/027322,wo_grant
7257491,2003-11-27,WO,A,WO03/098000,wo_grant
11291713,2018-09-20,WO,A,WO2018/167061,wo_grant
9771230,2015-01-22,WO,00,PCT/JP2015/051664,pct_application
8179767,2009-03-16,WO,00,PCT/EP2009/053037,pct_application
9299424,2011-10-26,WO,00,PCT/JP2011/005972,pct_application
7880427,2006-01-20,WO,00,PCT/EP2006/000483,pct_application
9487319,2012-06-14,WO,A,WO2012/077594,wo_grant
8060942,2005-12-01,WO,A,WO2005/114571,wo_grant
6170522,1998-01-22,WO,00,PCT/JP98/00284,pct_application
11311582,2016-11-18,WO,00,PCT/US2016/062952,pct_application
7390648,2000-11-02,WO,A,WO00/65137,wo_grant
9175098,2011-09-01,WO,A,WO2011/103878,wo_grant
9881133,2013-05-17,WO,00,PCT/US2013/041590,pct_application
7841206,2004-12-14,WO,00,PCT/KR2004/003288,pct_application
6201622,1996-03-22,WO,00,PCT/GB96/00702,pct_application
10259242,2016-07-14,WO,A,WO2016/111247,wo_grant
10539105,2012-08-23,WO,00,PCT/EP2012/066446,pct_application
10868909,2018-08-01,WO,00,PCT/FR2018/051982,pct_application
4513678,1982-11-08,WO,00,PCT/SE82/00375,pct_application
10047560,2015-05-14,WO,00,PCT/US2015/030697,pct_application
8493886,2008-11-27,WO,A,WO2008/143329,wo_grant
8376459,2009-06-11,WO,A,WO2009/072321,wo_grant
5793448,,WO,00,PCT/GB94/00186      ,pct_application
8885150,2009-09-03,WO,A,WO2009/106253,wo_grant
8053452,2009-01-08,WO,A,WO2009/005015,wo_grant
10507882,2016-07-28,WO,00,PCT/US2016/044597,pct_application
9944598,2015-09-30,WO,00,PCT/EP2015/072551,pct_application
10604643,2017-06-08,WO,A,WO2017/093008,wo_grant
6278605,1997-11-20,WO,A,WO97/43810,wo_grant
7282612,2003-09-25,WO,A,WO03/078372,wo_grant
9914863,2014-02-06,WO,A,WO2014/020068,wo_grant
9825487,2013-10-15,WO,00,PCT/JP2013/006121,pct_application
10204206,2012-03-15,WO,A,WO2012/032060,wo_grant
9893392,2011-10-03,WO,00,PCT/CA2011/050624,pct_application
9919827,2013-01-25,WO,00,PCT/US2013/023264,pct_application
10195189,2015-12-15,WO,00,PCT/US2015/065893,pct_application
7467760,2003-04-29,WO,00,PCT/CA03/00626,pct_application
10738218,2018-03-08,WO,A,WO2018/040990,wo_grant
11399563,2018-02-22,WO,A,WO2018/033476,wo_grant
6264729,1999-01-21,WO,A,WO99/02617,wo_grant
10237843,2015-11-10,WO,00,PCT/JP2015/081592,pct_application
10201243,2012-07-04,WO,00,PCT/IB2012/053403,pct_application
9580567,2014-05-30,WO,A,WO2014/080827,wo_grant
9102869,2013-08-29,WO,A,WO2013/125379,wo_grant
8927605,2011-05-26,WO,A,WO2011/061330,wo_grant
11266787,2018-01-11,WO,A,WO2018/009509,wo_grant
10029310,2015-09-24,WO,A,WO2015/141998,wo_grant
11328979,2017-09-30,WO,00,PCT/US2017/054673,pct_application
8546340,2009-12-23,WO,00,PCT/FR2009/001477,pct_application
8722193,2011-04-07,WO,A,WO2011/040540,wo_grant
10286342,2013-04-17,WO,00,PCT/FI2013/050424,pct_application
9382251,2014-01-30,WO,A,WO2014/018873,wo_grant
8588908,2009-02-04,WO,00,PCT/US2009/033082,pct_application
8282615,2007-04-11,WO,00,PCT/SE2007/000340,pct_application
9682947,2014-08-07,WO,A,WO2014/117741,wo_grant
9262590,2009-07-22,WO,00,PCT/IB2009/053187,pct_application
8582503,2008-06-16,WO,00,PCT/CN2008/071327,pct_application
11213799,2017-06-29,WO,A,WO2017/110485,wo_grant
10604315,2015-08-13,WO,A,WO2015/119988,wo_grant
10131823,2015-06-05,WO,00,PCT/JP2015/066334,pct_application
6461337,1999-06-17,WO,A,WO99/30410,wo_grant
8750384,2010-06-24,WO,A,WO2010/071504,wo_grant
11221337,2018-11-15,WO,A,WO2018/206772,wo_grant
10723926,2016-07-26,WO,00,PCT/JP2016/071913,pct_application
6294706,1997-03-13,WO,00,PCT/FI97/00169,pct_application
7452579,2004-05-24,WO,00,PCT/FI2004/050075,pct_application
9905591,2016-03-24,WO,A,WO2016/041349,wo_grant
11154056,2016-10-21,WO,00,PCT/TR2016/050396,pct_application
8632449,2010-10-21,WO,A,WO2010/118475,wo_grant
5693005,,WO,00,PCT/NO94/00156      ,pct_application
8354882,2009-07-01,WO,00,PCT/EP2009/058283,pct_application
10574438,2015-08-27,WO,A,WO2015/125765,wo_grant
10644386,2016-11-03,WO,A,WO2016/174467,wo_grant
8278082,2009-10-28,WO,00,PCT/GB2009/002568,pct_application
8376117,2007-12-21,WO,00,PCT/EP2007/011376,pct_application
8320552,2009-10-20,WO,00,PCT/EP2009/063707,pct_application
11376287,2018-04-26,WO,A,WO2018/074514,wo_grant
8813918,2009-12-04,WO,00,PCT/EP2009/066455,pct_application
8680992,2010-12-02,WO,A,WO2010/135840,wo_grant
6340534,1999-01-14,WO,A,WO99/01675,wo_grant
10461988,2016-05-26,WO,00,PCT/CN2016/083561,pct_application
7805993,2004-11-18,WO,A,WO2004/099716,wo_grant
11447998,2019-04-01,WO,00,PCT/US2019/025148,pct_application
9183391,2013-03-13,WO,00,PCT/US2013/030742,pct_application
10036420,2016-02-04,WO,A,WO2016/017629,wo_grant
7770443,2005-06-30,WO,A,WO2005/058618,wo_grant
5181178,1990-07-09,WO,A,WO90/10261,wo_grant
6998842,2003-07-03,WO,A,WO03/054567,wo_grant
8209579,2005-12-26,WO,00,PCT/RU2005/000668,pct_application
7947585,2006-12-04,WO,00,PCT/KR2006/005173,pct_application
11002199,2016-08-31,WO,00,PCT/EP2016/070472,pct_application
8000407,2006-10-27,WO,00,PCT/US2006/042013,pct_application
9140908,2012-09-07,WO,A,WO2012/118683,wo_grant
11156923,2015-12-10,WO,00,PCT/EP2015/079282,pct_application
7632432,2005-06-02,WO,00,PCT/EP2005/005986,pct_application
8753921,2011-09-09,WO,00,PCT/JP2011/070562,pct_application
4914959,1988-04-20,WO,00,PCT/NO88/00030,pct_application
10773574,2016-11-10,WO,A,WO2016/177742,wo_grant
9475147,2012-10-17,WO,00,PCT/JP2012/077382,pct_application
10369382,2016-04-12,WO,00,PCT/CN2016/079046,pct_application
10480199,2016-12-29,WO,A,WO2016/207251,wo_grant
10822685,2018-03-27,WO,00,PCT/JP2018/012570,pct_application
7620306,2007-01-25,WO,A,WO2007/010814,wo_grant
9133177,2010-12-29,WO,A,WO2010/149622,wo_grant
11110138,2013-12-20,WO,00,PCT/CA2013/051009,pct_application
9320015,2012-03-29,WO,00,PCT/RU2012/000235,pct_application
9554870,2013-07-17,WO,00,PCT/EP2013/065057,pct_application
6075294,1997-04-16,WO,00,PCT/EP97/01890,pct_application
7033926,2002-08-09,WO,00,PCT/DE02/02946,pct_application
10821908,2016-12-13,WO,00,PCT/GB2016/053925,pct_application
11162193,2017-08-03,WO,A,WO2017/130220,wo_grant
6660723,2000-03-09,WO,A,WO00/12516,wo_grant
9033837,2012-03-08,WO,A,WO2012/028373,wo_grant
10774270,2016-04-25,WO,00,PCT/EP2016/059116,pct_application
11311473,2018-06-21,WO,A,WO2018/108611,wo_grant
11180613,2017-12-19,WO,00,PCT/EP2017/083477,pct_application
11034917,2016-09-09,WO,A,WO2016/140200,wo_grant
10732189,2016-01-14,WO,00,PCT/IB2016/050157,pct_application
7621632,2005-05-02,WO,00,PCT/JP2005/008651,pct_application
10988886,2016-11-30,WO,00,PCT/US2016/064157,pct_application
8707090,2013-04-25,WO,A,WO2013/057764,wo_grant
11131687,2018-09-27,WO,A,WO2018/172662,wo_grant
9316938,2013-05-30,WO,A,WO2013/077131,wo_grant
9856199,2015-09-11,WO,A,WO2015/132370,wo_grant
9726402,2014-08-14,WO,A,WO2014/122667,wo_grant
9254445,2012-10-29,WO,00,PCT/US2012/062485,pct_application
8491631,2007-08-09,WO,A,WO2007/089843,wo_grant
9815868,2014-11-27,WO,A,WO2014/189468,wo_grant
7936811,2005-12-08,WO,A,WO2005/117313,wo_grant
6358494,1998-10-01,WO,A,WO98/42299,wo_grant
9334665,2010-10-15,WO,00,PCT/NL2010/050682,pct_application
5355440,1991-06-13,WO,A,WO91/08520,wo_grant
7850559,2006-05-04,WO,A,WO2006/045406,wo_grant
6103211,1997-05-22,WO,00,PCT/JP97/01716,pct_application
9790346,2013-05-08,WO,00,PCT/CN2013/075297,pct_application
11083680,2018-09-20,WO,00,PCT/JP2018/034743,pct_application
8276461,2007-05-24,WO,00,PCT/IB2007/001349,pct_application
10608739,2017-11-13,WO,00,PCT/EP2017/079015,pct_application
7341623,2003-04-24,WO,A,WO03/033570,wo_grant
8103933,2006-02-24,WO,00,PCT/EP2006/060248,pct_application
8591882,2011-08-12,WO,00,PCT/JP2011/068424,pct_application
11251957,2018-01-04,WO,A,WO2018/002111,wo_grant
5934413,1997-01-03,WO,A,WO97/00218,wo_grant
8818861,2010-04-08,WO,A,WO2010/038139,wo_grant
11269381,2019-11-21,WO,A,WO2019/218544,wo_grant
8315403,2006-01-12,WO,A,WO2006/004159,wo_grant
8859460,2010-11-30,WO,00,PCT/EP2010/068494,pct_application
7100363,2003-10-31,WO,00,PCT/EP03/12112,pct_application
10988568,2016-08-03,WO,00,PCT/JP2016/072816,pct_application
7350503,2004-06-03,WO,A,WO2004/046525,wo_grant
7997638,2008-04-10,WO,A,WO2008/041473,wo_grant
9544498,2012-03-29,WO,A,WO2012/039669,wo_grant
5480973,1992-04-22,WO,00,PCT/GB92/00736,pct_application
9993049,2015-01-15,WO,A,WO2015/004763,wo_grant
10873145,2016-12-29,WO,00,PCT/CN2016/112935,pct_application
10839473,2017-11-30,WO,00,PCT/US2017/063815,pct_application
11427630,2018-05-07,WO,00,PCT/EP2018/061706,pct_application
8068452,2006-05-24,WO,00,PCT/CN2006/001085,pct_application
11271684,2019-07-04,WO,A,WO2019/127248,wo_grant
9571583,2015-05-07,WO,A,WO2015/062822,wo_grant
10300768,2015-04-07,WO,00,PCT/JP2015/001953,pct_application
9956038,2015-03-24,WO,00,PCT/US2015/022241,pct_application
9849062,2008-11-20,WO,A,WO2008/138997,wo_grant
8831134,2011-10-17,WO,00,PCT/JP2011/005801,pct_application
10802511,2016-11-04,WO,00,PCT/AU2016/051055,pct_application
10726402,2016-10-06,WO,A,WO2016/157359,wo_grant
9314016,2013-08-01,WO,A,WO2013/110962,wo_grant
7691418,2005-09-16,WO,00,PCT/EP2005/010011,pct_application
9759452,2013-11-06,WO,00,PCT/IB2013/059931,pct_application
6891023,2000-11-16,WO,00,PCTCU00/00004,pct_application
9132298,2012-08-23,WO,A,WO2012/112078,wo_grant
7116078,2003-07-30,WO,00,PCT/IB03/03408,pct_application
9768671,2014-06-12,WO,A,WO2014/087729,wo_grant
7543777,2005-07-14,WO,A,WO2005/063564,wo_grant
7568457,2005-06-02,WO,00,PCT/JP2005/010525,pct_application
10893342,2016-02-01,WO,00,PCT/IB2016/050508,pct_application
4501726,1983-05-26,WO,A,WO83/01738,wo_grant
10221018,2015-09-30,WO,00,PCT/JP2015/077702,pct_application
8477641,2009-04-02,WO,A,WO2009/041547,wo_grant
8903867,2009-09-08,WO,00,PCT/IT2009/000402,pct_application
5981790,1996-06-20,WO,A,WO96/18603,wo_grant
7107951,2003-10-23,WO,00,PCT/JP03/13578,pct_application
7981215,2007-12-06,WO,A,WO2007/139859,wo_grant
10509719,2015-09-08,WO,00,PCT/US2015/048843,pct_application
9173034,2008-07-25,WO,00,PCT/DK2008/000278,pct_application
9662208,2012-08-02,WO,A,WO2012/103173,wo_grant
10744179,2016-03-24,WO,A,WO2016/042131,wo_grant
10124639,2015-05-14,WO,A,WO2015/067638,wo_grant
8837270,2011-04-01,WO,00,PCT/CN2011/072389,pct_application
9545997,2009-06-18,WO,A,WO2009/074528,wo_grant
6305494,1998-04-23,WO,A,WO98/16915,wo_grant
4394392,1980-07-21,WO,00,PCT/GB80/00120,pct_application
10677093,2017-03-23,WO,A,WO2017/046499,wo_grant
9944761,2013-09-05,WO,00,PCT/IB2013/058311,pct_application
RE37438,1995-12-20,WO,00,PCT/GB95/02978,pct_application
6889895,2001-12-17,WO,00,PCTBE01/00214,pct_application
5184848,1990-08-30,WO,00,PCT/JP90/01101,pct_application
8205743,2009-10-29,WO,A,WO2009/130004,wo_grant
8834539,2009-11-19,WO,00,PCT/IB2009/055161,pct_application
6456782,1999-07-08,WO,A,WO99/34561,wo_grant
8337999,2007-11-27,WO,00,PCT/JP2007/073274,pct_application
8350240,2008-05-21,WO,00,PCT/EP2008/056279,pct_application
4403307,1981-05-28,WO,A,WO81/01484,wo_grant
7400939,2004-05-21,WO,A,WO2004/041484,wo_grant
10464269,2014-04-22,WO,00,PCT/EP2014/001056,pct_application
10639173,2015-07-21,WO,00,PCT/EP2015/066602,pct_application
8951818,2012-11-28,WO,00,PCT/CN2012/085393,pct_application
7725559,2005-04-21,WO,A,WO2005/036367,wo_grant
9990109,2014-12-24,WO,A,WO2014/203301,wo_grant
6035978,1996-12-27,WO,A,WO96/41968,wo_grant
8928472,2010-04-29,WO,A,WO2010/046341,wo_grant
11009981,2020-01-30,WO,A,WO2020/019466,wo_grant
8093270,2006-12-28,WO,A,WO2006/136302,wo_grant
8635211,2010-06-10,WO,00,PCT/US2010/038120,pct_application
5738814,,WO,00,PCT/EP94/03559      ,pct_application
10320068,2014-12-22,WO,00,PCT/CN2014/094498,pct_application
7957625,2006-06-15,WO,A,WO2006/061935,wo_grant
10688926,2017-11-16,WO,00,PCT/EP2017/001349,pct_application
10737864,2015-10-06,WO,00,PCT/GB2015/052910,pct_application
10092472,2016-05-12,WO,A,WO2016/072282,wo_grant
9447856,2012-11-06,WO,00,PCT/EP2012/071889,pct_application
11233657,2018-11-08,WO,A,WO2018/203817,wo_grant
8883109,2010-07-09,WO,00,PCT/US2010/041533,pct_application
6413767,1998-09-24,WO,A,WO98/41837,wo_grant
8947796,2011-11-10,WO,A,WO2011/139283,wo_grant
7762562,2005-11-03,WO,A,WO2005/102762,wo_grant
11200408,2018-11-13,WO,00,PCT/SE2018/051162,pct_application
9142791,2011-05-27,WO,00,PCT/US2011/038403,pct_application
11448787,2018-07-19,WO,A,WO2018/132095,wo_grant
9388107,2014-01-03,WO,A,WO2014/001461,wo_grant
7146005,2001-03-15,WO,A,WO01/19057,wo_grant
11229212,2017-08-18,WO,00,PCT/CA2017/050986,pct_application
10890946,2020-02-06,WO,A,WO2020/024531,wo_grant
6923272,2003-06-05,WO,A,WO03/04563,wo_grant
10365615,2017-04-20,WO,A,WO2017/063408,wo_grant
8334259,2007-09-21,WO,00,PCT/US2007/020445,pct_application
4938875,1987-12-21,WO,00,PCT/BE87/00020,pct_application
6427683,1998-07-23,WO,A,WO98/31411,wo_grant
8934212,2010-10-21,WO,A,WO2010/119733,wo_grant
9702463,2015-09-11,WO,A,WO2015/133255,wo_grant
7597716,2004-12-02,WO,00,PCT/AT2004/000421,pct_application
5321869,1992-06-25,WO,A,WO92/10313,wo_grant
6968590,2001-11-22,WO,A,WO01/87112,wo_grant
5994421,1996-05-02,WO,A,WO96/12767,wo_grant
8277794,2007-11-15,WO,A,WO2007/128115,wo_grant
9567017,2014-08-28,WO,A,WO2014/130425,wo_grant
5653156,1995-02-23,WO,A,WO95/05553,wo_grant
7144390,2000-10-12,WO,A,WO00/59418,wo_grant
6013252,1997-03-06,WO,A,WO97/07813,wo_grant
7219061,2001-05-03,WO,A,WO01/31434,wo_grant
6237435,1999-01-07,WO,A,WO99/00265,wo_grant
9957263,2014-12-31,WO,A,WO2014/206345,wo_grant
9155697,2008-04-17,WO,A,WO2008/044852,wo_grant
6388049,2001-01-11,WO,A,WO01/02453,wo_grant
6533496,2000-02-24,WO,A,WO00/09821,wo_grant
5290447,1991-08-22,WO,A,WO91/12068,wo_grant
6673248,2001-08-09,WO,A,WO01/56936,wo_grant
10801264,2017-02-23,WO,A,WO2017/027983,wo_grant
7781937,2005-12-01,WO,A,WO2005/114826,wo_grant
9021854,2011-06-03,WO,A,WO2011/064509,wo_grant
8708715,2011-06-03,WO,A,WO2011/065461,wo_grant
7784321,2007-04-19,WO,A,WO2007/042060,wo_grant
9076111,2010-12-09,WO,A,WO2010/141601,wo_grant
11220932,2017-08-31,WO,A,WO2017/147400,wo_grant
10661000,2016-10-27,WO,A,WO2016/169540,wo_grant
8282199,2008-08-04,WO,00,PCT/CA2008/001426,pct_application
10936122,2019-09-19,WO,A,WO2019/174371,wo_grant
8916026,2012-05-24,WO,A,WO2012/065951,wo_grant
6559115,2000-01-20,WO,A,WO00/02994,wo_grant
9644511,2014-03-13,WO,A,WO2014/039040,wo_grant
11124760,2015-03-24,WO,00,PCT/US2015/022259,pct_application
10571245,2017-07-27,WO,00,PCT/CN2017/094612,pct_application
9184869,2012-01-12,WO,A,WO2012/005516,wo_grant
8920657,2011-04-18,WO,00,PCT/US2011/032903,pct_application
7436513,2003-04-11,WO,00,PCT/JP03/04670,pct_application
6081975,1998-03-16,WO,00,PCT/SE98/00471,pct_application
5373652,1992-01-02,WO,00,PCT/SE92/00001,pct_application
10722699,2017-06-02,WO,00,PCT/US2017/035604,pct_application
11023418,2018-02-07,WO,00,PCT/KR2018/001666,pct_application
10535854,2016-08-18,WO,00,PCT/JP2016/003768,pct_application
7935232,2005-12-22,WO,A,WO2005/121392,wo_grant
8158994,2008-02-20,WO,00,PCT/JP2008/052806,pct_application
11352472,2017-04-13,WO,00,PCT/JP2017/015161,pct_application
10224768,2014-07-31,WO,A,WO2014/115096,wo_grant
10254238,2014-12-24,WO,A,WO2014/202205,wo_grant
10799341,2017-09-14,WO,00,PCT/US2017/051501,pct_application
7065358,2003-08-11,WO,00,PCT/US03/25129,pct_application
9694968,2014-11-21,WO,00,PCT/EP2014/003111,pct_application
7796051,2006-06-01,WO,A,WO2006/057605,wo_grant
10822836,2016-11-24,WO,A,WO2016/185973,wo_grant
8634968,2005-03-11,WO,00,PCT/EP2005/002573,pct_application
10042481,2010-03-31,WO,00,PCT/JP2010/055926,pct_application
10574022,2017-02-23,WO,00,PCT/JP2017/006785,pct_application
10570470,2014-02-20,WO,A,WO2014/027682,wo_grant
8383124,2009-09-17,WO,A,WO2009/114725,wo_grant
7198186,2001-04-06,WO,00,PCT/DE01/01459,pct_application
9199704,2009-11-17,WO,00,PCT/GB2009/002681,pct_application
8722105,2010-03-04,WO,00,PCT/IL2010/000184,pct_application
11297570,2018-05-02,WO,00,PCT/EP2018/061179,pct_application
11269113,2018-01-25,WO,A,WO2018/017108,wo_grant
11117790,2018-03-19,WO,00,PCT/EP2018/056797,pct_application
10422918,2016-04-26,WO,00,PCT/US2016/029332,pct_application
7911333,2006-12-01,WO,00,PCT/EP2006/069190,pct_application
7179028,2004-03-25,WO,A,WO2004/024376,wo_grant
10087513,2015-01-30,WO,00,PCT/JP2015/052680,pct_application
9346984,2013-01-17,WO,00,PCT/US2013/021861,pct_application
5134975,1988-08-25,WO,00,PCT/EP88/00762,pct_application
11036074,2019-08-15,WO,A,WO2019/153910,wo_grant
8927886,2011-11-17,WO,A,WO2011/141082,wo_grant
11440020,2019-03-14,WO,A,WO2019/049121,wo_grant
9174056,2013-02-14,WO,A,WO2013/021301,wo_grant
7446673,2004-05-13,WO,A,WO2004/040828,wo_grant
8403882,2007-05-31,WO,A,WO2007/059801,wo_grant
11405995,2020-04-02,WO,A,WO2020/064487,wo_grant
10864927,2018-10-04,WO,A,WO2018/180311,wo_grant
9617468,2011-08-04,WO,A,WO2011/093392,wo_grant
10752884,2015-12-22,WO,00,PCT/AU2015/000760,pct_application
9384868,2012-09-13,WO,A,WO2012/121196,wo_grant
8016101,2008-06-25,WO,00,PCT/JP2008/001652,pct_application
8968781,2006-04-27,WO,00,PCT/US2006/016030,pct_application
11396595,2013-03-15,WO,00,PCT/US2013/032334,pct_application
8570621,2009-03-24,WO,00,PCT/EP2009/053437,pct_application
6830682,2002-01-03,WO,A,WO02/00553,wo_grant
5846816,,WO,00,PCT/AU95/00870      ,pct_application
9642116,2009-03-05,WO,00,PCT/IB2009/050917,pct_application
10907727,2018-05-17,WO,A,WO2018/086868,wo_grant
11348228,2018-06-26,WO,00,PCT/US2018/039391,pct_application
7674953,2004-10-14,WO,A,WO2004/087755,wo_grant
11186833,2017-11-16,WO,A,WO2017/194487,wo_grant
9350945,2010-11-30,WO,00,PCT/US2010/058458,pct_application
8071123,2004-06-17,WO,A,WO2004/050008,wo_grant
7819942,2005-08-22,WO,00,PCT/CH2005/000488,pct_application
9297768,2014-10-23,WO,A,WO2014/171946,wo_grant
8655368,2009-06-09,WO,00,PCT/SE2009/000292,pct_application
10376338,2015-04-29,WO,00,PCT/US2015/028210,pct_application
11325542,2018-05-10,WO,00,PCT/JP2018/018090,pct_application
6332292,1999-05-14,WO,A,WO99/23327,wo_grant
10759112,2018-05-03,WO,A,WO2018/080631,wo_grant
9988706,2013-11-07,WO,A,WO2013/166429,wo_grant
10737571,2018-10-25,WO,A,WO2018/193883,wo_grant
10668782,2017-11-02,WO,A,WO2017/187829,wo_grant
8479605,2009-09-18,WO,00,PCT/US2009/057456,pct_application
9535586,2013-06-26,WO,00,PCT/US2013/047951,pct_application
10206123,2016-02-02,WO,00,PCT/JP2016/053017,pct_application
9702630,2015-03-11,WO,00,PCT/GB2015/050705,pct_application
10531672,2013-06-07,WO,00,PCT/EP2013/061819,pct_application
8946197,2011-05-19,WO,A,WO2011/060321,wo_grant
8123524,2006-04-06,WO,00,PCT/IB2006/001008,pct_application
9937980,2017-06-08,WO,A,WO2017/092206,wo_grant
4976471,1988-05-13,WO,00,PCT/SE88/00245,pct_application
7113186,2001-11-22,WO,00,PCT/KR01/02020,pct_application
9085871,2011-06-30,WO,A,WO2011/078587,wo_grant
7356219,2004-07-15,WO,A,WO2004/059353,wo_grant
5249114,1991-03-07,WO,A,WO91/03087,wo_grant
7311393,2003-07-01,WO,00,PCT/JP03/08374,pct_application
10912482,2016-10-21,WO,00,PCT/EP2016/075456,pct_application
5419439,1991-12-27,WO,00,PCT/US91/09802,pct_application
9447245,2012-07-09,WO,00,PCT/EP2012/063446,pct_application
10207675,2017-03-03,WO,00,PCT/JP2017/008453,pct_application
7895761,2007-02-08,WO,A,WO2007/015677,wo_grant
8383584,2008-08-14,WO,A,WO2008/096001,wo_grant
9977194,2013-05-23,WO,A,WO2013/074803,wo_grant
10486452,2017-08-31,WO,A,WO2017/144409,wo_grant
5930980,1996-08-12,WO,00,PCT/DK96/00346,pct_application
8056612,2006-12-20,WO,00,PCT/EP2006/069968,pct_application
9259707,2013-12-12,WO,A,WO2013/182818,wo_grant
8164616,2006-04-17,WO,00,PCT/JP2006/308054,pct_application
10073061,2015-10-30,WO,00,PCT/JP2015/080862,pct_application
8511766,2006-11-16,WO,A,WO2006/120064,wo_grant
7855393,2007-01-08,WO,00,PCT/EP2007/000098,pct_application
10822678,2016-07-14,WO,A,WO2016/111088,wo_grant
8708774,2012-12-06,WO,A,WO2012/164522,wo_grant
5768933,,WO,A,WO96/27093          ,wo_grant
6164083,1997-02-03,WO,00,PCT/GB97/00288,pct_application
6955841,2001-12-20,WO,A,WO01/96664,wo_grant
8581118,2010-03-11,WO,A,WO2010/026935,wo_grant
7756532,2004-05-13,WO,00,PCT/IB2004/050672,pct_application
9686722,2011-10-19,WO,00,PCT/KR2011/007774,pct_application
4561585,1983-01-21,WO,00,PCT/SE83/00015,pct_application
7152296,2001-03-22,WO,00,PCT/US01/09105,pct_application
5370746,1991-03-07,WO,A,WO91/02600,wo_grant
10998083,2016-10-13,WO,A,WO2016/162504,wo_grant
10766651,2015-02-12,WO,A,WO2015/020879,wo_grant
10894775,2018-04-19,WO,A,WO2018/071315,wo_grant
8765812,2008-01-10,WO,A,WO2008/003141,wo_grant
9051531,2013-04-18,WO,A,WO2013/054253,wo_grant
10385236,2015-12-22,WO,00,PCT/EP2015/080913,pct_application
9077414,2010-06-03,WO,A,WO2010/060453,wo_grant
10254524,2015-11-11,WO,00,PCT/EP2015/076338,pct_application
9795036,2013-11-14,WO,A,WO2013/168352,wo_grant
5887339,1995-04-25,WO,00,PCT/DE95/00538,pct_application
6594440,1997-10-02,WO,A,WO97/36295,wo_grant
7850833,2006-10-19,WO,A,WO2006/109864,wo_grant
6979454,1997-11-06,WO,A,WO97/40818,wo_grant
11426408,2018-10-31,WO,00,PCT/SG2018/050552,pct_application
7992546,2008-01-17,WO,A,WO2008/006813,wo_grant
10349642,2016-03-10,WO,A,WO2016/035301,wo_grant
9714459,2013-10-03,WO,A,WO2013/147027,wo_grant
8934666,2010-04-15,WO,A,WO2010/040668,wo_grant
8738802,2011-10-18,WO,00,PCT/CN2011/080913,pct_application
9404148,2008-10-21,WO,00,PCT/GB2008/003555,pct_application
9657286,2013-06-11,WO,00,PCT/JP2013/066041,pct_application
9968492,2015-07-16,WO,A,WO2015/104788,wo_grant
8249018,2007-11-22,WO,00,PCT/EP2007/010156,pct_application
7700723,2004-08-16,WO,00,PCT/CH2004/000511,pct_application
11318720,2019-10-24,WO,A,WO2019/203063,wo_grant
10912616,2015-03-17,WO,00,PCT/US2015/020884,pct_application
9237137,2013-01-12,WO,00,PCT/JP2013/050495,pct_application
6093324,1997-08-07,WO,00,PCT/AU97/00498,pct_application
7925571,2007-01-25,WO,00,PCT/US2007/001998,pct_application
11280012,2017-12-14,WO,A,WO2017/213272,wo_grant
11304025,2018-01-29,WO,00,PCT/EP2018/052079,pct_application
9427321,2012-07-20,WO,00,PCT/US2012/047518,pct_application
8029615,2008-05-08,WO,A,WO2008/053198,wo_grant
8617287,2010-07-22,WO,A,WO2010/081987,wo_grant
8421470,2009-10-01,WO,A,WO2009/119050,wo_grant
9945259,2014-03-14,WO,00,PCT/US2014/027560,pct_application
11295254,2017-09-26,WO,00,PCT/US2017/053357,pct_application
8235863,2009-01-15,WO,A,WO2009/007539,wo_grant
11331024,2022-02-10,WO,A,WO2022/027730,wo_grant
7621034,2003-08-11,WO,00,PCT/FR03/02509,pct_application
11148169,2016-06-09,WO,A,WO2016/088833,wo_grant
8956520,2010-06-03,WO,00,PCT/EP2010/057788,pct_application
10400055,2018-01-18,WO,A,WO2018/013330,wo_grant
7452185,2004-09-09,WO,00,PCT/JP2004/013144,pct_application
5164241,1990-07-26,WO,A,WO90/08214,wo_grant
10856132,2017-07-06,WO,A,WO2017/114800,wo_grant
11351560,2020-01-23,WO,A,WO2020/017174,wo_grant
8623563,2006-01-05,WO,00,PCT/JP2006/000017,pct_application
10506742,2017-06-08,WO,A,WO2017/094814,wo_grant
6236130,1999-02-01,WO,00,PCT/CH99/00043,pct_application
7194139,2000-11-30,WO,A,WO00/72267,wo_grant
8767645,2009-12-07,WO,00,PCT/KR2009/007272,pct_application
9127001,2011-09-16,WO,00,PCT/EP2011/066061,pct_application
9215896,2012-08-31,WO,00,PCT/US2012/053396,pct_application
10166808,2013-12-11,WO,00,PCT/CN2013/089050,pct_application
7677385,2005-06-16,WO,A,WO2005/054094,wo_grant
6261545,1997-09-12,WO,00,PCT/JP97/03241,pct_application
11254580,2018-01-18,WO,00,PCT/JP2018/001403,pct_application
9790604,2012-06-14,WO,00,PCT/EP2012/061360,pct_application
5341219,1991-04-17,WO,00,PCT/EP91/00736,pct_application
7788944,2004-05-06,WO,A,WO2004/037966,wo_grant
7191708,2005-02-17,WO,A,WO2005/015118,wo_grant
7399962,2004-05-28,WO,00,PCT/GB2004/002289,pct_application
11245211,2019-08-29,WO,A,WO2019/163539,wo_grant
8658612,2009-07-30,WO,00,PCT/JP2009/063907,pct_application
10666149,2018-06-07,WO,A,WO2018/099264,wo_grant
11026540,2017-05-26,WO,A,WO2017/085018,wo_grant
10935007,2017-12-19,WO,00,PCT/JP2017/045433,pct_application
8317403,2008-08-06,WO,00,PCT/EP2008/060317,pct_application
7221962,2004-01-29,WO,A,WO2004/010724,wo_grant
9320770,2009-03-31,WO,00,PCT/JP2009/056709,pct_application
7568630,2002-09-16,WO,00,PCT/EP02/10426,pct_application
10858914,2018-04-19,WO,00,PCT/CN2018/083712,pct_application
9278966,2012-12-13,WO,A,WO2012/169555,wo_grant
7338454,2002-12-09,WO,00,PCT/AU02/01666,pct_application
7405197,2002-09-12,WO,00,PCT/GB02/04158,pct_application
6739579,2001-07-12,WO,A,WO01/50047,wo_grant
5454520,1992-10-12,WO,00,PCT/DK92/00298,pct_application
9784804,2012-12-20,WO,A,WO2012/174098,wo_grant
9011994,2010-04-08,WO,00,PCT/JP2010/056399,pct_application
8420149,2005-06-23,WO,A,WO2005/056746,wo_grant
8166761,2007-05-14,WO,00,PCT/AU2007/000646,pct_application
10113613,2014-09-10,WO,00,PCT/JP2014/073841,pct_application
6156910,1999-07-08,WO,A,WO99/33819,wo_grant
10773029,2017-06-20,WO,00,PCT/EP2017/065048,pct_application
7468367,2003-06-26,WO,A,WO03/051872,wo_grant
11428603,2018-09-07,WO,00,PCT/CN2018/104542,pct_application
10849277,2015-09-24,WO,A,WO2015/139572,wo_grant
8808871,2010-11-26,WO,00,PCT/JP2010/071099,pct_application
10946424,2017-03-28,WO,00,PCT/EP2017/057307,pct_application
9822590,2013-02-08,WO,00,PCT/US2013/025240,pct_application
7754644,2007-03-15,WO,A,WO2007/029607,wo_grant
9644129,2011-04-28,WO,00,PCT/IB2011/000919,pct_application
9145244,2012-03-27,WO,00,PCT/JP2012/057902,pct_application
5943301,1997-01-30,WO,00,PCT/JP97/00214,pct_application
8624506,2009-09-18,WO,00,PCT/JP2009/004725,pct_application
10370603,2016-05-26,WO,A,WO2016/081165,wo_grant
8567510,2009-02-19,WO,00,PCT/GB2009/050162,pct_application
9683934,2014-10-17,WO,00,PCT/GB2014/053123,pct_application
8460194,2009-07-30,WO,A,WO2009/093211,wo_grant
11020942,2017-05-31,WO,00,PCT/JP2017/020316,pct_application
9011711,2011-03-17,WO,A,WO2011/030028,wo_grant
5834641,,WO,00,PCT/DE95/00450      ,pct_application
10498000,2016-07-28,WO,A,WO2016/116126,wo_grant
9095511,2008-11-12,WO,00,PCT/EP2008/009526,pct_application
10463073,2017-10-17,WO,00,PCT/CN2017/106530,pct_application
9274667,2010-09-21,WO,00,PCT/UA2010/000066,pct_application
8328775,2007-12-07,WO,00,PCT/IN2007/000576,pct_application
8212034,2007-12-11,WO,00,PCT/IB2007/003936,pct_application
9477504,2012-12-04,WO,00,PCT/IB2012/056946,pct_application
8061185,2005-10-25,WO,00,PCT/EP2005/013519,pct_application
10534357,2016-03-17,WO,00,PCT/EP2016/055824,pct_application
11281809,2019-03-07,WO,A,WO2019/042022,wo_grant
6863846,2000-03-16,WO,A,WO0014094,wo_grant
9840905,2012-12-06,WO,A,WO2012/163420,wo_grant
8585942,2009-06-11,WO,A,WO2009/072953,wo_grant
8608688,2008-10-17,WO,00,PCT/GB2008/003522,pct_application
6498707,2000-10-26,WO,A,WO00/63714,wo_grant
11063299,2017-11-16,WO,00,PCT/US2017/061892,pct_application
9952522,2014-10-02,WO,A,WO2014/156521,wo_grant
8092694,2006-12-01,WO,00,PCT/FR2006/002648,pct_application
7623058,2006-07-06,WO,A,WO2006/070696,wo_grant
8100415,2007-02-13,WO,00,PCT/SE2007/050087,pct_application
6535680,2001-03-22,WO,A,WO01/19587,wo_grant
11413739,2018-10-04,WO,A,WO2018/182347,wo_grant
5964117,1996-04-25,WO,A,WO96/11757,wo_grant
9113981,2011-04-20,WO,00,PCT/JP2011/059743,pct_application
6541697,2000-11-30,WO,A,WO00/72340,wo_grant
4364022,1981-09-11,WO,00,PCT/US81/01233,pct_application
9643815,2011-07-29,WO,00,PCT/US2011/045927,pct_application
5690909,,WO,00,PCT/EP94/01377      ,pct_application
8302444,2007-05-22,WO,00,PCT/EP2007/054946,pct_application
10005795,2017-02-03,WO,00,PCT/KR2017/001161,pct_application
10950867,2017-12-11,WO,00,PCT/JP2017/044371,pct_application
9764895,2015-11-19,WO,A,WO2015/174815,wo_grant
11365313,2019-03-06,WO,00,PCT/EP2019/055468,pct_application
5909925,1996-08-15,WO,A,WO96/24274,wo_grant
8866098,2010-03-26,WO,00,PCT/JP2010/055390,pct_application
6291405,1997-03-20,WO,A,WO97/00313,wo_grant
11279159,2019-12-19,WO,A,WO2019/240807,wo_grant
8978135,2012-09-14,WO,00,PCT/US2012/055580,pct_application
7060477,2000-05-05,WO,00,PCT/FR00/01217,pct_application
11174835,2017-11-02,WO,A,WO2017/187460,wo_grant
8094036,2007-08-16,WO,00,PCT/EP2007/007231,pct_application
10703904,2016-08-23,WO,00,PCT/KR2016/009307,pct_application
8143217,2007-03-29,WO,A,WO2007/035665,wo_grant
10954947,2016-10-27,WO,A,WO2016/171136,wo_grant
9027704,2012-01-12,WO,00,PCT/FI2012/050024,pct_application
9017696,2008-04-10,WO,00,PCT/GB2008/001262,pct_application
10375992,2016-03-16,WO,00,PCT/CN2016/076542,pct_application
7151170,2000-12-14,WO,A,WO00/75330,wo_grant
9042002,2012-08-16,WO,00,PCT/JP2012/005168,pct_application
10420893,2015-03-19,WO,A,WO2015/036347,wo_grant
9866127,2015-09-11,WO,A,WO2015/133201,wo_grant
7176318,2001-07-19,WO,00,PCT/IB01/01294,pct_application
11234483,2017-06-29,WO,A,WO2017/109732,wo_grant
10744435,2015-07-30,WO,00,PCT/IB2015/055788,pct_application
11339073,2019-12-04,WO,00,PCT/CN2019/122900,pct_application
10446080,2017-11-30,WO,00,PCT/CN2017/113927,pct_application
11390057,2017-06-09,WO,00,PCT/US2017/036809,pct_application
10717892,2016-11-17,WO,A,WO2016/182176,wo_grant
11264771,2020-11-12,WO,A,WO2020/225908,wo_grant
10894559,2018-01-18,WO,A,WO2018/010907,wo_grant
9695436,2014-09-12,WO,A,WO2014/135535,wo_grant
10802823,2018-02-15,WO,A,WO2018/030940,wo_grant
6193680,1997-12-24,WO,A,WO97/48364,wo_grant
10480458,2015-12-22,WO,00,PCT/EP2015/080935,pct_application
6280023,1996-07-26,WO,00,PCT/GB96/01809,pct_application
9488298,2011-07-28,WO,A,WO2011/089425,wo_grant
7862868,2006-01-13,WO,00,PCT/EP2006/000259,pct_application
8629101,2008-10-20,WO,00,PCT/EP2008/064151,pct_application
11285252,2018-07-19,WO,A,WO2018/130417,wo_grant
10709706,2017-07-06,WO,A,WO2017/117535,wo_grant
6546987,2000-09-14,WO,A,WO00/53397,wo_grant
8137754,2006-02-23,WO,A,WO2006/020281,wo_grant
9316497,2013-03-05,WO,00,PCT/EP2013/054318,pct_application
7360396,2005-04-12,WO,00,PCT/JP2005/007061,pct_application
9068237,2013-02-21,WO,A,WO2013/024765,wo_grant
9121206,2012-10-04,WO,A,WO2012/132546,wo_grant
8525589,2011-01-27,WO,A,WO2011/010513,wo_grant
10451465,2017-07-20,WO,A,WO2017/122239,wo_grant
10565356,2016-10-20,WO,00,PCT/EP2016/075290,pct_application
11025353,2017-01-19,WO,A,WO2017/009370,wo_grant
5226135,1989-04-06,WO,A,WO89/03091,wo_grant
8555431,2007-02-16,WO,00,PCT/DK2007/000076,pct_application
8341861,2010-05-20,WO,A,WO2010/055598,wo_grant
10787865,2017-12-28,WO,A,WO2017/219792,wo_grant
10465008,2016-11-25,WO,00,PCT/KR2016/013735,pct_application
5849404,,WO,A,WO95/20012          ,wo_grant
11293650,2018-09-20,WO,A,WO2018/169187,wo_grant
7895717,2004-12-28,WO,00,PCT/EP2004/014765,pct_application
7359233,2004-11-09,WO,00,PCT/IB2004/052358,pct_application
7400753,2001-07-03,WO,00,PCT/JP01/05752,pct_application
10726724,2016-05-04,WO,00,PCT/EP2016/060040,pct_application
7243602,2003-04-02,WO,00,PCT/EP03/03423,pct_application
8690018,2010-11-11,WO,A,WO2010/129519,wo_grant
7269202,2001-12-21,WO,00,PCT/JP01/11313,pct_application
5204865,1989-09-08,WO,A,WO89/08361,wo_grant
10591629,2017-05-18,WO,A,WO2017/083073,wo_grant
10920825,2017-07-27,WO,A,WO2017/126489,wo_grant
10334245,2014-05-09,WO,00,PCT/US2014/037537,pct_application
9801731,2014-08-28,WO,A,WO2014/130224,wo_grant
9241434,2013-04-04,WO,A,WO2013/048095,wo_grant
7490679,2004-12-16,WO,A,WO2004/107891,wo_grant
11297243,2018-08-22,WO,00,PCT/KR2018/009658,pct_application
9739310,2012-09-14,WO,00,PCT/US2012/055459,pct_application
9438829,2014-07-30,WO,00,PCT/EP2014/066346,pct_application
10486249,2014-12-10,WO,00,PCT/US2014/069538,pct_application
6499220,1999-06-17,WO,A,WO99/30110,wo_grant
7065024,2001-06-15,WO,00,PCT/JP01/05136,pct_application
8049059,2003-05-01,WO,A,WO03/035125,wo_grant
11247088,2017-12-13,WO,00,PCT/SE2017/051268,pct_application
8526155,2010-07-01,WO,A,WO2010/073331,wo_grant
8824620,2010-03-25,WO,A,WO2010/031770,wo_grant
9695179,2014-10-02,WO,A,WO2014/159837,wo_grant
10349428,2015-04-02,WO,A,WO2015/046864,wo_grant
7186961,2002-04-25,WO,00,PCT/JP02/04170,pct_application
8107394,2008-04-10,WO,A,WO2008/041824,wo_grant
11255725,2019-01-10,WO,A,WO2019/007100,wo_grant
8960556,2009-07-30,WO,A,WO2009/092547,wo_grant
9079578,2011-12-21,WO,00,PCT/KR2011/009930,pct_application
10378932,2016-02-11,WO,A,WO2016/021667,wo_grant
10899313,2017-06-08,WO,00,PCT/JP2017/021373,pct_application
11390609,2019-01-03,WO,A,WO2019/001572,wo_grant
6350474,1997-12-18,WO,A,WO97/47201,wo_grant
11175240,2019-03-28,WO,A,WO2019/058627,wo_grant
11316406,2017-02-02,WO,A,WO2017/016932,wo_grant
9163763,2009-07-23,WO,A,WO2009/091328,wo_grant
10815157,2018-10-11,WO,A,WO2018/185072,wo_grant
6923486,2000-10-12,WO,00,PCT/NL00/00732,pct_application
9556453,2010-12-16,WO,00,PCT/US2010/060808,pct_application
7277930,2003-04-18,WO,00,PCT/US03/12210,pct_application
9989863,2015-08-27,WO,A,WO2015/124372,wo_grant
9111610,2013-10-24,WO,A,WO2013/157261,wo_grant
7924400,2007-03-29,WO,A,WO2007/034949,wo_grant
9284344,2013-12-05,WO,A,WO2013/179412,wo_grant
10339843,2017-04-06,WO,A,WO2017/056217,wo_grant
10853793,2018-02-20,WO,00,PCT/SE2018/050163,pct_application
8393304,2006-12-14,WO,00,PCT/FI2006/050555,pct_application
11430558,2019-01-10,WO,A,WO2019/010243,wo_grant
10979971,2018-07-06,WO,00,PCT/US2018/041142,pct_application
11047323,2018-03-15,WO,A,WO2018/046332,wo_grant
9107806,2011-11-18,WO,00,PCT/US2011/061478,pct_application
10357578,2015-05-07,WO,00,PCT/EP2015/060014,pct_application
8449670,2009-06-11,WO,A,WO2009/070854,wo_grant
7815419,2005-09-30,WO,00,PCT/JP2005/018129,pct_application
7743853,2006-12-04,WO,00,PCT/NO2006/000458,pct_application
10095033,2012-07-27,WO,00,PCT/CN2012/079286,pct_application
11236375,2018-12-13,WO,A,WO2018/226170,wo_grant
5315524,1991-03-08,WO,00,PCT/JP91/00301,pct_application
9836662,2014-09-04,WO,A,WO2014/132570,wo_grant
8160633,2008-05-02,WO,A,WO2008/050893,wo_grant
6013281,1996-02-09,WO,00,PCT/SE96/00161,pct_application
10517264,2014-12-09,WO,00,PCT/JP2014/082550,pct_application
11257957,2018-06-26,WO,00,PCT/CN2018/092834,pct_application
8768399,2009-07-16,WO,A,WO2009/088228,wo_grant
11001048,2014-12-17,WO,00,PCT/US2014/070732,pct_application
8903661,2009-10-01,WO,A,WO2009/118739,wo_grant
8964928,2009-09-07,WO,00,PCT/EP2009/061516,pct_application
6881537,1998-08-05,WO,00,PCTEP98/04945,pct_application
7432670,2005-06-23,WO,A,WO2005/057990,wo_grant
11429245,2020-02-19,WO,00,PCT/JP2020/006441,pct_application
5914211,1997-06-12,WO,A,WO97/20698,wo_grant
10908373,2017-09-28,WO,00,PCT/JP2017/035147,pct_application
8337900,2007-10-11,WO,A,WO2007/112933,wo_grant
9523387,2012-01-20,WO,00,PCT/EP2012/000257,pct_application
8642733,2010-11-04,WO,00,PCT/US2010/055505,pct_application
10705365,2017-01-19,WO,A,WO2017/008881,wo_grant
9156946,2012-09-20,WO,00,PCT/US2012/056235,pct_application
10239809,2016-04-19,WO,00,PCT/US2016/028300,pct_application
9764730,2015-08-13,WO,A,WO2015/118765,wo_grant
9060899,2010-07-22,WO,A,WO2010/082651,wo_grant
4953789,1987-05-13,WO,00,PCT/EP87/00247,pct_application
6964837,2001-11-08,WO,A,WO01/84544,wo_grant
5894070,1996-02-01,WO,A,WO96/02259,wo_grant
9360608,2012-03-02,WO,00,PCT/JP2012/055457,pct_application
8695248,2010-12-16,WO,A,WO2010/143121,wo_grant
10528634,2016-09-01,WO,A,WO2016/137102,wo_grant
11130254,2018-07-05,WO,A,WO2018/124956,wo_grant
8616579,2011-07-21,WO,A,WO2011/087026,wo_grant
7818933,2006-01-12,WO,A,WO2006/004414,wo_grant
7170534,2003-01-09,WO,A,WO03/003729,wo_grant
10711290,2015-12-25,WO,00,PCT/JP2015/086301,pct_application
8747806,2010-01-14,WO,00,PCT/GB2010/050043,pct_application
10410914,2015-12-03,WO,A,WO2015/180966,wo_grant
8568738,2008-07-28,WO,00,PCT/EP2008/006207,pct_application
10411622,2016-12-22,WO,00,PCT/JP2016/088397,pct_application
10070829,2014-03-14,WO,00,PCT/CA2014/050241,pct_application
8586003,2010-07-15,WO,A,WO2010/078871,wo_grant
8558440,2007-07-27,WO,00,PCT/EP2007/057799,pct_application
6312718,1997-02-13,WO,00,PCT/US97/02351,pct_application
6063394,1997-03-27,WO,00,PCT/EP97/01569,pct_application
11067423,2018-06-07,WO,A,WO2018/101920,wo_grant
4741889,1985-10-10,WO,A,WO85/04343,wo_grant
9433953,2012-04-03,WO,00,PCT/CH2012/000078,pct_application
8586142,2008-03-27,WO,A,WO2008/035818,wo_grant
9909175,2012-07-27,WO,00,PCT/GB2012/051837,pct_application
9468884,2012-09-28,WO,00,PCT/FR2012/000388,pct_application
8579493,2009-09-07,WO,00,PCT/JP2009/065571,pct_application
9035608,2010-06-09,WO,00,PCT/EP2010/058106,pct_application
10673026,2016-06-14,WO,00,PCT/EP2016/063641,pct_application
9249086,2014-02-06,WO,A,WO2014/020164,wo_grant
10647208,2015-05-29,WO,00,PCT/JP2015/065668,pct_application
9607495,2011-12-14,WO,00,PCT/IB2011/055665,pct_application
6676920,2000-06-22,WO,A,WO00/35808,wo_grant
9559381,2010-09-30,WO,A,WO2010/109889,wo_grant
9937375,2016-06-23,WO,A,WO2016/095862,wo_grant
10057707,2016-08-11,WO,A,WO2016/126819,wo_grant
5670049,,WO,00,PCT/EP94/03157      ,pct_application
9181889,2013-03-07,WO,A,WO2013/031027,wo_grant
9797492,2013-08-13,WO,00,PCT/CA2013/000707,pct_application
11232804,2018-07-03,WO,00,PCT/EP2018/067970,pct_application
10151007,2014-05-01,WO,A,WO2014/064193,wo_grant
6184621,1999-04-03,WO,A,WO99/10909,wo_grant
5885033,1995-08-04,WO,00,PCT/DE95/01039,pct_application
5707413,,WO,A,WO95/18074          ,wo_grant
8401485,2008-02-06,WO,00,PCT/SE2008/050148,pct_application
11355145,2017-07-27,WO,A,WO2017/125981,wo_grant
10218006,2014-10-22,WO,00,PCT/IN2014/000675,pct_application
7634723,2005-03-10,WO,A,WO2005/022400,wo_grant
8608312,2010-01-11,WO,00,PCT/IB2010/050086,pct_application
10295627,2017-04-13,WO,A,WO2017/061992,wo_grant
9612240,2011-06-29,WO,00,PCT/US2011/042290,pct_application
8030020,2007-08-06,WO,00,PCT/JP2007/065370,pct_application
7941476,2004-11-19,WO,00,PCT/JP2004/017644,pct_application
9427442,2013-09-20,WO,00,PCT/US2013/060841,pct_application
8008413,2007-11-23,WO,00,PCT/EP2007/062742,pct_application
5337541,1992-08-06,WO,A,WO92/12900,wo_grant
8955554,2009-09-04,WO,00,PCT/JP2009/065883,pct_application
11345353,2017-08-11,WO,00,PCT/US2017/046535,pct_application
9185972,2012-01-02,WO,00,PCT/IT2012/000001,pct_application
7772192,2004-06-01,WO,00,PCT/US2004/017512,pct_application
9559451,2013-06-27,WO,A,WO2013/094520,wo_grant
5474780,1991-11-14,WO,A,WO91/16869,wo_grant
10166810,2015-06-17,WO,00,PCT/EP2015/063559,pct_application
8130743,2005-09-09,WO,A,WO2005/084062,wo_grant
11352324,2019-03-01,WO,00,PCT/EP2019/055116,pct_application
6884198,2000-08-25,WO,00,PCTNL00/00594,pct_application
8463341,2008-06-23,WO,00,PCT/DK2008/000235,pct_application
6085779,1997-10-29,WO,00,PCT/SE97/01808,pct_application
10358026,2016-06-16,WO,A,WO2016/092184,wo_grant
6184555,1997-08-14,WO,A,WO97/29518,wo_grant
9604482,2015-12-30,WO,A,WO2015/198864,wo_grant
10321155,2015-06-26,WO,00,PCT/KR2015/006522,pct_application
8803411,2011-06-15,WO,00,PCT/JP2011/003394,pct_application
10294531,2015-04-16,WO,A,WO2015/054319,wo_grant
11029379,2018-02-06,WO,00,PCT/EP2018/052842,pct_application
10871502,2018-04-23,WO,00,PCT/KR2018/004677,pct_application
10416976,2016-07-21,WO,00,PCT/JP2016/003407,pct_application
5904439,1995-10-18,WO,00,PCT/GB95/02456,pct_application
10961196,2017-06-23,WO,00,PCT/EP2017/000735,pct_application
11080918,2017-11-30,WO,A,WO2017/203262,wo_grant
11167824,2018-09-20,WO,A,WO2018/165714,wo_grant
6065596,1997-11-06,WO,A,WO97/40753,wo_grant
9073975,2012-02-02,WO,A,WO2012/013709,wo_grant
5858411,1996-06-27,WO,A,WO96/19200,wo_grant
7096754,2002-09-12,WO,A,WO02/070848,wo_grant
8398910,2009-08-13,WO,A,WO2009/098088,wo_grant
8571084,2009-02-05,WO,A,WO2009/017398,wo_grant
9080663,2011-02-03,WO,A,WO2011/012123,wo_grant
10483604,2017-02-16,WO,A,WO2017/026169,wo_grant
11008268,2019-05-09,WO,A,WO2019/086816,wo_grant
10323905,2014-08-06,WO,00,PCT/KR2014/007287,pct_application
10490719,2016-10-19,WO,00,PCT/US2016/057655,pct_application
9737944,2013-05-24,WO,00,PCT/JP2013/064535,pct_application
10633891,2016-08-11,WO,00,PCT/AU2016/050733,pct_application
10612054,2016-11-17,WO,00,PCT/CN2016/106241,pct_application
11330191,2019-11-21,WO,A,WO2019/220890,wo_grant
10130503,2012-03-22,WO,A,WO2012/034193,wo_grant
8490797,2010-01-21,WO,A,WO2010/006461,wo_grant
9637599,2010-09-30,WO,A,WO2010/110998,wo_grant
11306639,2018-08-07,WO,00,PCT/US2018/045624,pct_application
11300595,2020-05-14,WO,A,WO2020/096586,wo_grant
8396068,2008-12-17,WO,00,PCT/KR2008/007471,pct_application
8485304,2009-03-26,WO,A,WO2009/037997,wo_grant
5488373,1992-10-01,WO,A,WO92/16856,wo_grant
11273104,2018-03-05,WO,00,PCT/JP2018/008396,pct_application
10757416,2015-11-05,WO,A,WO2015/167313,wo_grant
10664560,2014-12-19,WO,00,PCT/US2014/071651,pct_application
8583184,2006-12-19,WO,00,PCT/JP2006/325290,pct_application
9460453,2014-09-18,WO,A,WO2014/139098,wo_grant
9024789,2012-06-28,WO,A,WO2012/083808,wo_grant
9150973,2012-08-17,WO,00,PCT/SE2012/050884,pct_application
7514502,2003-11-06,WO,00,PCT/KR03/02363,pct_application
6635096,2001-01-04,WO,A,WO01/00886,wo_grant
10400944,2015-03-31,WO,00,PCT/CA2015/000203,pct_application
4457526,1981-10-09,WO,00,PCT/SE81/00293,pct_application
8272376,2008-04-25,WO,00,PCT/CN2008/070797,pct_application
9587102,2012-11-29,WO,A,WO2012/161134,wo_grant
10564968,2016-09-05,WO,00,PCT/GB2016/052727,pct_application
8960204,2011-12-07,WO,00,PCT/IB2011/055533,pct_application
8470404,2006-03-09,WO,A,WO2006/026734,wo_grant
9914194,2014-07-03,WO,A,WO2014/103806,wo_grant
11195464,2020-06-18,WO,A,WO2020/118833,wo_grant
10553170,2019-02-07,WO,A,WO2019/024442,wo_grant
8828663,2006-09-28,WO,A,WO2006/102264,wo_grant
8510056,2008-11-13,WO,A,WO2008/136787,wo_grant
10185165,2016-03-31,WO,00,PCT/JP2016/060595,pct_application
9511124,2012-10-26,WO,A,WO2012/144501,wo_grant
5338104,1992-08-20,WO,A,WO92/14035,wo_grant
11164383,2021-03-04,WO,A,WO2021/040107,wo_grant
11321555,2021-02-11,WO,A,WO2021/025717,wo_grant
10708948,2017-08-10,WO,A,WO2017/135421,wo_grant
9175758,2004-10-21,WO,A,WO2004/090382,wo_grant
9094846,2011-12-22,WO,A,WO2011/158730,wo_grant
10731504,2017-08-24,WO,00,PCT/FR2017/052270,pct_application
6858167,2001-11-01,WO,A,WO0181450,wo_grant
11219346,2018-01-30,WO,00,PCT/KR2018/001255,pct_application
6661762,1999-06-10,WO,A,WO99/28912,wo_grant
5810001,,WO,00,PCT/US95/00203      ,pct_application
7452968,2003-12-31,WO,00,PCT/US03/41742,pct_application
10648409,2017-08-24,WO,00,PCT/JP2017/030339,pct_application
9233130,2006-05-26,WO,A,WO2006/054135,wo_grant
10028739,2014-09-25,WO,A,WO2014/150468,wo_grant
11313770,2018-06-07,WO,A,WO2018/099775,wo_grant
10529785,2017-01-26,WO,A,WO2017/013255,wo_grant
8518167,2008-07-25,WO,00,PCT/NL2008/050514,pct_application
5471584,1991-11-18,WO,00,PCT/GB91/02034,pct_application
8845554,2008-09-18,WO,A,WO2008/112567,wo_grant
8044184,2005-11-03,WO,A,WO2005/103249,wo_grant
9445406,2013-05-30,WO,A,WO2013/077339,wo_grant
9985517,2015-03-05,WO,A,WO2015/028222,wo_grant
7262165,2003-05-19,WO,00,PCT/EP03/05224,pct_application
7744765,2006-01-23,WO,00,PCT/NO2006/000028,pct_application
5094675,1988-03-30,WO,00,PCT/EP88/00264,pct_application
7228038,2004-07-08,WO,00,PCT/JP2004/010058,pct_application
11261294,2019-03-07,WO,A,WO2019/044214,wo_grant
11093353,2018-03-16,WO,00,PCT/JP2018/010516,pct_application
10192903,2016-09-28,WO,00,PCT/CN2016/100576,pct_application
11195459,2018-03-28,WO,00,PCT/JP2018/012980,pct_application
7017420,2002-06-07,WO,00,PCT/SE02/01116,pct_application
10359130,2015-12-18,WO,00,PCT/IB2015/059765,pct_application
10741028,2017-08-03,WO,00,PCT/JP2017/028176,pct_application
10144705,2013-07-17,WO,00,PCT/EP2013/065109,pct_application
9683023,2010-06-10,WO,00,PCT/EP2010/058129,pct_application
8408927,2010-04-23,WO,00,PCT/JP2010/057236,pct_application
10605027,2016-01-21,WO,00,PCT/US2016/014225,pct_application
11439690,2014-08-14,WO,A,WO2014/124142,wo_grant
8411627,2008-11-13,WO,A,WO2008/135853,wo_grant
9359392,2013-09-05,WO,00,PCT/NZ2013/000161,pct_application
9638531,2013-11-04,WO,00,PCT/EP2013/072964,pct_application
10488767,2017-12-07,WO,A,WO2017/207269,wo_grant
7919784,2006-09-29,WO,00,PCT/CN2006/002584,pct_application
9953603,2015-05-14,WO,A,WO2015/068676,wo_grant
7008594,2002-10-31,WO,A,WO02/086471,wo_grant
10591997,2018-01-18,WO,A,WO2018/011522,wo_grant
9007271,2011-01-13,WO,A,WO2011/003389,wo_grant
10556364,2016-05-12,WO,A,WO2016/070866,wo_grant
7607637,2005-03-03,WO,00,PCT/CH2005/000126,pct_application
9204236,2013-01-10,WO,A,WO2013/006330,wo_grant
10802563,2018-05-03,WO,A,WO2018/076825,wo_grant
11365686,2019-07-26,WO,00,PCT/FR2019/051859,pct_application
7811036,2006-03-16,WO,A,WO2006/028387,wo_grant
10348541,2014-10-22,WO,00,PCT/SE2014/051248,pct_application
9443095,2013-11-21,WO,A,WO2013/171362,wo_grant
8271877,2000-12-29,WO,00,PCT/FR00/03759,pct_application
9351185,2011-04-15,WO,00,PCT/CN2011/072853,pct_application
8104419,2007-10-11,WO,00,PCT/EP2007/060853,pct_application
9187379,2012-04-20,WO,00,PCT/CA2012/000377,pct_application
7387619,2003-03-20,WO,A,WO03/023332,wo_grant
6457666,1999-11-25,WO,A,WO99/59908,wo_grant
8394781,2008-05-15,WO,00,PCT/EP2008/055959,pct_application
9678178,2013-09-19,WO,A,WO2013/135117,wo_grant
6489625,2000-10-05,WO,A,WO00/58690,wo_grant
11155635,2018-06-21,WO,A,WO2018/111010,wo_grant
11316586,2018-03-29,WO,A,WO2018/055512,wo_grant
11148574,2018-02-01,WO,00,PCT/KR2018/001383,pct_application
5160311,1990-01-11,WO,00,PCT/SE90/00021,pct_application
8514763,2008-06-26,WO,00,PCT/US2008/008031,pct_application
10101021,2016-05-12,WO,A,WO2016/071204,wo_grant
10850917,2017-10-17,WO,00,PCT/CA2017/000230,pct_application
9529374,2013-04-30,WO,00,PCT/IB2013/001173,pct_application
6014967,1997-08-07,WO,A,WO97/28410,wo_grant
9509819,2012-12-27,WO,A,WO2012/175131,wo_grant
5396152,1992-06-25,WO,A,WO92/10920,wo_grant
11318389,2019-04-13,WO,00,PCT/IB2019/053060,pct_application
6994860,1999-12-02,WO,A,WO99/61620,wo_grant
10473598,2016-04-21,WO,A,WO2016/059672,wo_grant
10628651,2017-06-08,WO,A,WO2017/092676,wo_grant
7999991,2008-07-31,WO,A,WO2008/091099,wo_grant
10763380,2017-12-28,WO,A,WO2017/220380,wo_grant
9822755,2014-07-03,WO,A,WO2014/103554,wo_grant
10139458,2015-02-02,WO,00,PCT/AU2015/000049,pct_application
6426148,1999-02-04,WO,A,WO99/05193,wo_grant
5696065,,WO,00,PCT/JP95/01333      ,pct_application
10485987,2014-10-23,WO,A,WO2014/170491,wo_grant
5902823,1996-05-09,WO,00,PCT/EP96/01952,pct_application
10949538,2016-10-18,WO,00,PCT/US2016/057515,pct_application
10728604,2015-01-15,WO,A,WO2015/003743,wo_grant
10590891,2017-09-21,WO,00,PCT/JP2017/034025,pct_application
8237075,2008-04-07,WO,00,PCT/JP2008/056873,pct_application
8042182,2004-03-30,WO,00,PCT/EP2004/003350,pct_application
11274314,2017-02-08,WO,00,PCT/US2017/016900,pct_application
7318874,2002-09-26,WO,A,WO02/074715,wo_grant
6363575,1998-12-30,WO,A,WO98/59141,wo_grant
10455136,2013-09-04,WO,00,PCT/JP2013/005250,pct_application
8593506,2008-03-13,WO,00,PCT/IL2008/000356,pct_application
8874438,2005-09-22,WO,A,WO2005/088607,wo_grant
8322892,2007-12-07,WO,00,PCT/EP2007/010691,pct_application
7278253,2003-10-16,WO,A,WO03/084721,wo_grant
10753948,2014-06-04,WO,00,PCT/GB2014/051721,pct_application
9085751,2011-05-31,WO,00,PCT/JP2011/062431,pct_application
9750021,2013-06-13,WO,00,PCT/JP2013/066371,pct_application
4722426,1985-09-06,WO,00,PCT/EP85/00453,pct_application
9732538,2015-01-15,WO,A,WO2015/004865,wo_grant
4933568,1989-07-27,WO,A,WO89/06787,wo_grant
11079074,2017-06-08,WO,A,WO2017/095170,wo_grant
6769743,1997-05-01,WO,A,WO97/15462,wo_grant
10752650,2015-02-12,WO,A,WO2015/020114,wo_grant
11253921,2018-02-05,WO,00,PCT/JP2018/003766,pct_application
8982967,2010-09-23,WO,A,WO2010/105996,wo_grant
11059580,2018-01-04,WO,A,WO2018/002775,wo_grant
5070870,1989-08-24,WO,A,WO89/07464,wo_grant
10054302,2015-07-16,WO,A,WO2015/104279,wo_grant
8377881,2009-04-01,WO,00,PCT/NL2009/050169,pct_application
9652596,2012-01-07,WO,00,PCT/US2012/020569,pct_application
9667038,2013-11-28,WO,A,WO2013/174939,wo_grant
11332010,2018-04-19,WO,A,WO2018/068860,wo_grant
7958933,2004-08-05,WO,A,WO2004/065873,wo_grant
11035895,2017-04-20,WO,00,PCT/EP2017/059423,pct_application
10525551,2015-10-15,WO,A,WO2015/156181,wo_grant
9498762,2012-02-03,WO,00,PCT/IT2012/000036,pct_application
8695298,2008-12-18,WO,A,WO2008/153469,wo_grant
8263784,2009-10-27,WO,00,PCT/EP2009/064103,pct_application
8059846,2008-10-23,WO,A,WO2008/125584,wo_grant
9398173,2010-10-01,WO,00,PCT/EP2010/064654,pct_application
11446753,2017-07-06,WO,00,PCT/JP2017/024849,pct_application
8962792,2011-09-07,WO,00,PCT/US2011/050597,pct_application
10965362,2017-10-26,WO,A,WO2017/183947,wo_grant
10279390,2015-11-19,WO,A,WO2015/173043,wo_grant
8029765,2005-07-21,WO,A,WO2005/065241,wo_grant
9560512,2014-08-28,WO,A,WO2014/130092,wo_grant
9779718,2015-02-18,WO,00,PCT/EP2015/053413,pct_application
8565582,2008-08-06,WO,00,PCT/JP2008/064152,pct_application
8106434,2006-06-29,WO,A,WO2006/067678,wo_grant
10150946,2014-08-28,WO,A,WO2014/128500,wo_grant
11208301,2018-05-14,WO,00,PCT/EP2018/062380,pct_application
8207691,2006-04-07,WO,00,PCT/NL2006/000182,pct_application
10920210,2016-12-14,WO,00,PCT/KR2016/014679,pct_application
11230910,2018-08-09,WO,A,WO2018/142118,wo_grant
5307957,1991-02-22,WO,00,PCT/SE91/00138,pct_application
7157182,2002-12-27,WO,A,WO02/103821,wo_grant
7198802,2001-06-29,WO,00,PCT/CZ01/00037,pct_application
9991481,2014-12-04,WO,A,WO2014/192723,wo_grant
9619279,2005-08-18,WO,00,PCT/EP2005/008968,pct_application
10469850,2016-12-29,WO,A,WO2016/209209,wo_grant
8524845,2007-08-16,WO,A,WO2007/090412,wo_grant
9527863,2013-03-28,WO,00,PCT/EP2013/056743,pct_application
10173566,2016-01-13,WO,00,PCT/JP2016/050782,pct_application
4723090,1984-09-27,WO,A,WO84/03796,wo_grant
5667501,1994-06-23,WO,A,WO94/13333,wo_grant
10168593,2015-01-06,WO,00,PCT/CN2015/070189,pct_application
10494741,2014-11-25,WO,00,PCT/JP2014/081100,pct_application
9889263,2011-06-09,WO,00,PCT/FR2011/051314,pct_application
6953831,2001-12-21,WO,00,PCT/JP01/11285,pct_application
8186301,2006-11-30,WO,A,WO2006/126677,wo_grant
8366972,2008-04-11,WO,00,PCT/DE2008/000685,pct_application
11033524,2018-05-31,WO,A,WO2018/096538,wo_grant
10065267,2012-08-09,WO,A,WO2012/104407,wo_grant
8540286,2008-02-07,WO,A,WO2008/015115,wo_grant
11168376,2018-06-28,WO,A,WO2018/117637,wo_grant
8996280,2010-05-03,WO,00,PCT/EP2010/055957,pct_application
10645602,2016-10-13,WO,A,WO2016/163369,wo_grant
9145145,2012-07-05,WO,A,WO2012/092557,wo_grant
11199719,2019-12-19,WO,A,WO2019/241149,wo_grant
9147850,2012-07-05,WO,A,WO2012/090110,wo_grant
9421751,2011-05-26,WO,A,WO2011/061738,wo_grant
7968316,2006-08-16,WO,00,PCT/KR2006/003207,pct_application
9644077,2015-12-23,WO,A,WO2015/194721,wo_grant
5860495,1994-06-06,WO,00,PCT/EP94/01824,pct_application
8737326,2010-05-06,WO,A,WO2010/049217,wo_grant
9050581,2009-07-02,WO,A,WO2009/081024,wo_grant
11115129,2018-10-11,WO,A,WO2018/185926,wo_grant
10631181,2015-08-06,WO,A,WO2015/114209,wo_grant
10511048,2017-06-15,WO,A,WO2017/099523,wo_grant
10618026,2016-08-11,WO,A,WO2016/126600,wo_grant
10968735,2018-07-05,WO,A,WO2018/125099,wo_grant
6344468,1999-08-26,WO,A,WO99/42444,wo_grant
7723886,2005-06-02,WO,A,WO2005/050824,wo_grant
9771450,2013-12-13,WO,00,PCT/US2013/075037,pct_application
9164266,2010-08-26,WO,A,WO2010/096461,wo_grant
9457766,2013-10-23,WO,00,PCT/JP2013/078682,pct_application
10935721,2018-10-25,WO,A,WO2018/195168,wo_grant
8253571,2008-09-12,WO,A,WO2008/107924,wo_grant
7586853,2002-10-11,WO,00,PCT/GB02/04645,pct_application
6979736,2003-11-13,WO,A,WO03/092698,wo_grant
8260276,2008-11-27,WO,A,WO2008/143439,wo_grant
8146956,2009-10-15,WO,A,WO2009/124645,wo_grant
7470820,2007-01-25,WO,A,WO2007/010483,wo_grant
9856543,2012-02-09,WO,A,WO2012/018752,wo_grant
10695064,2016-03-03,WO,A,WO2016/030877,wo_grant
10911973,2018-05-31,WO,A,WO2018/097073,wo_grant
5768258,,WO,00,PCT/EP93/02937      ,pct_application
9390921,2012-06-14,WO,A,WO2012/076835,wo_grant
9229600,2007-12-13,WO,A,WO2007/141566,wo_grant
4611497,1984-09-13,WO,A,WO84/03561,wo_grant
8066906,2008-07-03,WO,A,WO2008/078445,wo_grant
9528157,2012-07-19,WO,A,WO2012/095639,wo_grant
9230840,2013-04-18,WO,A,WO2013/054698,wo_grant
9207357,2010-06-22,WO,00,PCT/US2010/039516,pct_application
4341524,1979-05-25,WO,00,PCT/SE79/00120,pct_application
9525317,2011-11-11,WO,00,PCT/JP2011/076072,pct_application
8846383,2003-06-21,WO,00,PCT/EP03/06565,pct_application
8633378,2008-03-13,WO,A,WO2008/029716,wo_grant
7729660,2006-04-14,WO,00,PCT/JP2006/307966,pct_application
8714808,2005-08-22,WO,00,PCT/JP2005/015211,pct_application
9346029,2006-12-14,WO,A,WO2006/130978,wo_grant
7653882,2004-03-12,WO,00,PCT/EP2004/002561,pct_application
8810074,2009-01-30,WO,00,PCT/US2009/000621,pct_application
10830566,2017-09-14,WO,00,PCT/GB2017/052721,pct_application
10304228,2015-09-18,WO,00,PCT/JP2015/076644,pct_application
10136114,2015-12-03,WO,A,WO2015/180646,wo_grant
8342243,2007-11-15,WO,00,PCT/US2007/024106,pct_application
7557773,2004-10-28,WO,A,WO2004/093334,wo_grant
5231976,1990-10-04,WO,A,WO90/11052,wo_grant
6280542,1997-12-11,WO,A,WO97/46332,wo_grant
11117692,2013-02-05,WO,00,PCT/FR2013/050238,pct_application
11375895,2018-04-03,WO,00,PCT/US2018/025956,pct_application
10996159,2018-07-19,WO,00,PCT/GB2018/052039,pct_application
10426708,2015-12-23,WO,00,PCT/IL2015/051252,pct_application
7936526,2007-12-12,WO,00,PCT/KR2007/006466,pct_application
7285618,2001-03-06,WO,00,PCT/JP01/01729,pct_application
4864555,1987-02-05,WO,00,PCT/SU87/00021,pct_application
9205072,2006-09-26,WO,00,PCT/RU2006/000501,pct_application
10462273,2017-08-10,WO,A,WO2017/136507,wo_grant
7840541,2005-10-13,WO,A,WO2005/096154,wo_grant
8174254,2007-04-26,WO,00,PCT/EP2007/003705,pct_application
8251187,2009-09-02,WO,00,PCT/EP2009/006341,pct_application
8071523,2005-11-03,WO,A,WO2005/103334,wo_grant
7506823,2003-12-15,WO,00,PCT/EP03/14240,pct_application
8722833,2008-07-03,WO,A,WO2008/077530,wo_grant
11142641,2017-05-17,WO,00,PCT/FR2017/051192,pct_application
8796235,2004-09-10,WO,A,WO2004/076664,wo_grant
9961543,2015-10-01,WO,A,WO2015/143847,wo_grant
10954777,2016-02-29,WO,00,PCT/US2016/020037,pct_application
7880420,2007-01-18,WO,A,WO2007/006173,wo_grant
10582885,2015-05-06,WO,00,PCT/EP2015/059916,pct_application
10465577,2016-06-20,WO,00,PCT/EP2016/064153,pct_application
6177052,1996-02-19,WO,00,PCT/DE96/01542,pct_application
11436749,2018-01-17,WO,00,PCT/GB2018/050134,pct_application
11013448,2017-09-26,WO,00,PCT/EP2017/074291,pct_application
10720798,2015-06-04,WO,00,PCT/CN2015/080755,pct_application
8473790,2010-05-06,WO,A,WO2010/049422,wo_grant
7637459,2004-08-10,WO,00,PCT/US2004/025821,pct_application
9435423,2014-03-07,WO,00,PCT/JP2014/055930,pct_application
9982493,2013-07-22,WO,00,PCT/IB2013/056008,pct_application
5417343,1991-03-01,WO,00,PCT/EP91/00380,pct_application
8971010,2012-02-16,WO,A,WO2012/020832,wo_grant
9560563,2013-01-25,WO,00,PCT/KR2013/000635,pct_application
9880429,2014-04-03,WO,A,WO2014/050672,wo_grant
9427471,2013-07-04,WO,A,WO2013/097074,wo_grant
8259636,2008-06-20,WO,00,PCT/IB2008/052444,pct_application
7775793,2005-11-10,WO,A,WO2005/104982,wo_grant
11247477,2018-07-13,WO,00,PCT/US2018/041957,pct_application
9624661,2013-08-14,WO,00,PCT/EP2013/002443,pct_application
7839270,2006-03-22,WO,00,PCT/JP2006/305714,pct_application
11313675,2019-11-07,WO,A,WO2019/212042,wo_grant
7985549,2007-05-15,WO,00,PCT/IB2007/002373,pct_application
9080741,2011-07-14,WO,A,WO2011/093386,wo_grant
9855815,2013-08-29,WO,A,WO2013/124173,wo_grant
9655762,2012-06-11,WO,00,PCT/US2012/041891,pct_application
10800575,2017-05-31,WO,00,PCT/ES2017/070377,pct_application
4542077,1984-08-02,WO,A,WO84/02931,wo_grant
5965858,1995-04-14,WO,00,PCT/JP95/00729,pct_application
8581038,2010-03-04,WO,A,WO2010/022443,wo_grant
9215760,2012-10-04,WO,00,PCT/EP2012/069567,pct_application
10464883,2016-10-20,WO,A,WO2016/168118,wo_grant
10041543,2015-10-15,WO,A,WO2015/155247,wo_grant
6809165,2001-10-11,WO,A,WO01/74908,wo_grant
9231273,2012-12-27,WO,00,PCT/KR2012/011616,pct_application
5274523,1991-10-17,WO,A,WO91/15848,wo_grant
10042082,2014-12-04,WO,00,PCT/US2014/068570,pct_application
11364783,2019-03-15,WO,00,PCT/JP2019/010907,pct_application
10574419,2017-02-16,WO,A,WO2017/026971,wo_grant
9589907,2014-06-05,WO,A,WO2014/083782,wo_grant
8030429,2008-07-10,WO,A,WO2008/081890,wo_grant
6773920,2000-10-05,WO,A,WO00/58488,wo_grant
9283276,2008-08-14,WO,00,PCT/US2008/009771,pct_application
8302404,2007-08-30,WO,A,WO2007/096294,wo_grant
8654986,2009-04-30,WO,A,WO2009/053517,wo_grant
7683354,2006-01-04,WO,00,PCT/EP2006/050046,pct_application
7814800,2006-08-31,WO,A,WO2006/091089,wo_grant
8741017,2009-07-21,WO,00,PCT/US2009/051214,pct_application
9562055,2012-05-09,WO,00,PCT/US2012/037003,pct_application
4334096,1979-07-24,WO,00,PCT/JP79/00192,pct_application
9210801,2014-06-19,WO,A,WO2014/089823,wo_grant
9968423,2016-03-10,WO,A,WO2016/035614,wo_grant
7332100,2003-12-19,WO,00,PCT/IT03/00843,pct_application
6094157,1998-03-12,WO,A,WO98/10310,wo_grant
7886812,2005-05-06,WO,A,WO2005/040710,wo_grant
10340665,2016-10-20,WO,00,PCT/EP2016/075168,pct_application
6144111,1997-08-28,WO,A,WO97/31385,wo_grant
9020764,2008-03-10,WO,00,PCT/DE2008/000422,pct_application
8313017,2008-11-27,WO,A,WO2008/142299,wo_grant
6486201,2000-06-02,WO,A,WO00/31058,wo_grant
9184338,2011-09-28,WO,00,PCT/JP2011/005485,pct_application
10772931,2015-10-29,WO,A,WO2015/164822,wo_grant
9751910,2014-07-03,WO,00,PCT/KR2014/005959,pct_application
6271460,1999-07-08,WO,A,WO99/34450,wo_grant
11057593,2019-02-20,WO,00,PCT/EP2019/054222,pct_application
8372376,2007-11-29,WO,A,WO2007/135266,wo_grant
8393378,2009-05-14,WO,00,PCT/FR2009/050894,pct_application
10670447,2017-02-22,WO,00,PCT/ES2017/070098,pct_application
11102887,2018-12-14,WO,00,PCT/JP2018/046118,pct_application
10150865,2016-03-14,WO,00,PCT/JP2016/057887,pct_application
9217006,2009-10-14,WO,00,PCT/EP2009/007360,pct_application
8999637,2009-11-20,WO,00,PCT/EP2009/008275,pct_application
6666003,2000-03-23,WO,A,WO00/16340,wo_grant
9278170,2011-06-16,WO,A,WO2011/070363,wo_grant
10944066,2017-07-13,WO,A,WO2017/118805,wo_grant
6518058,1999-10-07,WO,A,WO99/50436,wo_grant
RE43897,2001-03-27,WO,00,PCT/JP01/02489,pct_application
7240525,2005-04-07,WO,A,WO2005/031093,wo_grant
8449576,2008-01-03,WO,A,WO2008/003047,wo_grant
10435081,2016-03-03,WO,A,WO2016/031964,wo_grant
9598540,2011-06-03,WO,A,WO2011/064154,wo_grant
9511070,2014-03-06,WO,A,WO2014/036443,wo_grant
10165891,2015-06-25,WO,A,WO2015/091143,wo_grant
10192721,2016-06-16,WO,A,WO2016/093269,wo_grant
8163977,2007-06-08,WO,00,PCT/IN2007/000231,pct_application
8341996,2007-08-02,WO,A,WO2007/085550,wo_grant
4833719,1987-09-11,WO,A,WO87/05430,wo_grant
8592029,2007-08-30,WO,A,WO2007/095927,wo_grant
9854670,2014-08-14,WO,00,PCT/JP2014/071427,pct_application
9578986,2013-09-06,WO,00,PCT/EP2013/068455,pct_application
10884098,2018-07-26,WO,A,WO2018/135923,wo_grant
5917541,1996-04-26,WO,00,PCT/JP96/01147,pct_application
8654696,2007-04-19,WO,A,WO2007/043477,wo_grant
9567220,2013-11-13,WO,00,PCT/KR2013/010289,pct_application
10377048,2016-03-24,WO,A,WO2016/041929,wo_grant
10254614,2016-07-21,WO,A,WO2016/113050,wo_grant
10500391,2017-02-09,WO,A,WO2017/022741,wo_grant
8279275,2006-11-16,WO,A,WO2006/120794,wo_grant
9450719,2013-03-05,WO,00,PCT/KR2013/001771,pct_application
9758348,2012-11-26,WO,00,PCT/GB2012/052916,pct_application
6355674,1998-11-05,WO,A,WO98/48786,wo_grant
9209619,2013-05-02,WO,A,WO2013/060861,wo_grant
10560619,2018-05-17,WO,A,WO2018/087170,wo_grant
11414797,2019-10-09,WO,00,PCT/EP2019/077320,pct_application
10256288,2017-04-27,WO,A,WO2017/068859,wo_grant
10442528,2016-01-07,WO,A,WO2016/001192,wo_grant
11145954,2018-02-01,WO,A,WO2018/022100,wo_grant
8547926,2009-03-02,WO,00,PCT/KR2009/001009,pct_application
8597349,2008-11-03,WO,00,PCT/US2008/012437,pct_application
10964183,2019-10-10,WO,A,WO2019/194793,wo_grant
RE48137,2013-03-05,WO,00,PCT/US2013/029053,pct_application
11130725,2019-05-03,WO,00,PCT/US2019/030571,pct_application
10714644,2011-03-17,WO,00,PCT/EP2011/001337,pct_application
9410706,2012-02-07,WO,00,PCT/FR2012/050258,pct_application
6471178,1998-11-26,WO,A,WO98/53221,wo_grant
10405566,2012-08-21,WO,00,PCT/GB2012/052040,pct_application
10080071,2014-04-11,WO,00,PCT/SE2014/050449,pct_application
10453362,2017-03-08,WO,00,PCT/EP2017/055463,pct_application
10616995,2016-10-14,WO,00,PCT/KR2016/011529,pct_application
10683434,2016-11-23,WO,00,PCT/EP2016/078598,pct_application
8083297,2005-01-28,WO,00,PCT/JP2005/001183,pct_application
8067247,2004-08-12,WO,A,WO2004/067034,wo_grant
9011520,2011-05-05,WO,A,WO2011/051942,wo_grant
10766862,2017-09-29,WO,00,PCT/CN2017/104260,pct_application
10605222,2016-03-31,WO,00,PCT/US2016/025158,pct_application
10005792,2016-03-10,WO,A,WO2016/034671,wo_grant
11376160,2018-02-23,WO,00,PCT/EP2018/054473,pct_application
7997634,2009-01-15,WO,A,WO2009/007507,wo_grant
10695503,2015-10-09,WO,00,PCT/EP2015/073428,pct_application
7446737,2005-03-22,WO,00,PCT/JP2005/005123,pct_application
7874595,2006-08-23,WO,00,PCT/EP2006/065603,pct_application
9850447,2014-11-27,WO,A,WO2014/189711,wo_grant
11267133,2020-02-13,WO,A,WO2020/030498,wo_grant
6855885,2003-03-06,WO,A,WO0301959,wo_grant
5882653,1994-10-07,WO,00,PCT/US94/11424,pct_application
9157702,2012-07-18,WO,00,PCT/IL2012/050255,pct_application
10611703,2017-06-22,WO,A,WO2017/103736,wo_grant
9677595,2012-08-19,WO,00,PCT/JP2012/070941,pct_application
8620503,2008-12-22,WO,00,PCT/JP2008/073300,pct_application
11402260,2019-01-17,WO,A,WO2019/010768,wo_grant
8569100,2009-12-30,WO,A,WO2009/157079,wo_grant
6869986,2001-02-08,WO,A,WO0109255,wo_grant
8955570,2011-02-25,WO,00,PCT/JP2011/054400,pct_application
11365212,2019-12-05,WO,A,WO2019/227228,wo_grant
10678090,2016-06-02,WO,00,PCT/CN2016/084488,pct_application
7591991,2003-03-06,WO,00,PCT/JP03/02673,pct_application
9977149,2014-09-12,WO,A,WO2014/135547,wo_grant
9311897,2012-07-05,WO,A,WO2012/090076,wo_grant
10670015,2016-09-01,WO,A,WO2016/136028,wo_grant
7287670,2003-05-23,WO,00,PCT/JP03/06491,pct_application
9673650,2012-11-01,WO,A,WO2012/146704,wo_grant
4507015,1982-03-16,WO,00,PCT/JP82/00072,pct_application
8899610,2011-03-24,WO,A,WO2011/034443,wo_grant
7189401,1999-04-09,WO,00,PCT/US99/07854,pct_application
6531469,2000-07-27,WO,A,WO00/43391,wo_grant
8992665,2010-11-19,WO,00,PCT/JP2010/006783,pct_application
5574819,1994-08-18,WO,A,WO94/18585,wo_grant
10598580,2016-06-23,WO,A,WO2016/100969,wo_grant
10119544,2014-05-15,WO,A,WO2014/072360,wo_grant
8551312,2007-11-27,WO,00,PCT/EP2007/062881,pct_application
6146078,1997-03-19,WO,00,PCT/US97/04389,pct_application
9313650,2013-10-22,WO,00,PCT/JP2013/078562,pct_application
11346156,2017-12-14,WO,00,PCT/IB2017/057916,pct_application
10927012,2018-02-01,WO,00,PCT/EP2018/052477,pct_application
9375161,2009-10-28,WO,00,PCT/US2009/062300,pct_application
7486152,2005-08-25,WO,A,WO2005/078915,wo_grant
8894128,2009-09-24,WO,A,WO2009/115763,wo_grant
5004088,1988-02-22,WO,00,PCT/GB88/00109,pct_application
8509151,2009-12-10,WO,A,WO2009/148126,wo_grant
10041085,2013-04-09,WO,00,PCT/CN2013/000406,pct_application
6251273,1998-01-14,WO,00,PCT/EP98/00172,pct_application
8692462,2011-02-17,WO,A,WO2011/018427,wo_grant
10392754,2016-10-13,WO,A,WO2016/164443,wo_grant
9096535,2013-08-22,WO,A,WO2013/120876,wo_grant
7248976,2005-02-10,WO,A,WO2005/013132,wo_grant
9227053,2009-05-01,WO,00,PCT/US2009/042539,pct_application
6226581,1999-01-14,WO,A,WO99/01320,wo_grant
9562229,2014-02-06,WO,00,PCT/US2014/015132,pct_application
7812244,2006-11-14,WO,00,PCT/IL2006/001310,pct_application
7763132,2004-08-26,WO,A,WO2004/072317,wo_grant
11087440,2018-05-30,WO,00,PCT/JP2018/020686,pct_application
10355213,2017-01-09,WO,00,PCT/US2017/012697,pct_application
6566989,2000-08-03,WO,A,WO00/45406,wo_grant
10495281,2016-11-04,WO,00,PCT/JP2016/082856,pct_application
11083326,2017-12-07,WO,A,WO2017/207919,wo_grant
11420928,2018-05-15,WO,00,PCT/JP2018/018753,pct_application
8350474,2011-07-07,WO,A,WO2011/080886,wo_grant
7828018,2007-11-15,WO,A,WO2007/129644,wo_grant
10834957,2017-11-30,WO,A,WO2017/203030,wo_grant
10908704,2018-03-23,WO,00,PCT/CN2018/080374,pct_application
9800704,2015-07-16,WO,A,WO2015/103841,wo_grant
8233419,2007-12-28,WO,00,PCT/CN2007/003868,pct_application
8181633,2010-06-24,WO,A,WO2010/071013,wo_grant
10916387,2018-09-27,WO,A,WO2018/172411,wo_grant
11263073,2018-08-30,WO,00,PCT/GB2018/052451,pct_application
9978975,2013-03-22,WO,00,PCT/JP2013/001947,pct_application
11350167,2018-11-22,WO,00,PCT/KR2018/014398,pct_application
7312224,2003-04-17,WO,A,WO03/031447,wo_grant
11421172,2018-01-17,WO,00,PCT/JP2018/001133,pct_application
10703607,2016-02-05,WO,00,PCT/EP2016/052484,pct_application
11316511,2019-10-31,WO,A,WO2019/206564,wo_grant
10513477,2015-12-29,WO,00,PCT/EP2015/081371,pct_application
10689468,2015-11-20,WO,00,PCT/EP2015/077213,pct_application
9217559,2013-03-15,WO,00,PCT/DK2013/050069,pct_application
10508109,2017-04-06,WO,A,WO2017/058503,wo_grant
7925108,2006-09-21,WO,A,WO2006/098226,wo_grant
8273685,2008-02-14,WO,A,WO2008/018501,wo_grant
10265632,2016-05-26,WO,A,WO2016/079000,wo_grant
6039093,1996-10-18,WO,00,PCT/DE96/02027,pct_application
9865207,2016-12-08,WO,A,WO2016/192153,wo_grant
9278318,2014-06-12,WO,A,WO2014/088556,wo_grant
8502739,2007-06-22,WO,00,PCT/IB2007/002780,pct_application
10351333,2012-09-01,WO,00,PCT/CN2012/080892,pct_application
8855229,2011-01-31,WO,00,PCT/CN2011/000190,pct_application
7669464,2006-09-14,WO,A,WO2006/096114,wo_grant
6641803,1999-08-12,WO,A,WO99/39690,wo_grant
7759373,2002-04-15,WO,00,PCT/JP02/03723,pct_application
8294342,2007-12-11,WO,00,PCT/JP2007/073862,pct_application
8155521,2008-05-22,WO,A,WO2008/060007,wo_grant
6465792,1998-11-05,WO,A,WO98/49711,wo_grant
7475604,2004-12-29,WO,A,WO2004/113785,wo_grant
6085669,1997-10-10,WO,00,PCT/EP97/05601,pct_application
11243009,2014-10-09,WO,A,WO2014/161839,wo_grant
10171849,2016-07-07,WO,00,PCT/KR2016/007366,pct_application
10132759,2015-04-16,WO,A,WO2015/052164,wo_grant
6769460,2002-02-28,WO,A,WO02/16253,wo_grant
7703634,2004-08-05,WO,A,WO2004/065247,wo_grant
9664085,2015-04-16,WO,A,WO2015/053324,wo_grant
9694418,2015-07-16,WO,A,WO2015/104576,wo_grant
7628499,2004-10-28,WO,A,WO2004/091974,wo_grant
7946636,2008-04-17,WO,A,WO2008/044543,wo_grant
10385975,2016-07-28,WO,A,WO2016/117189,wo_grant
5199803,1989-09-22,WO,00,PCT/JP89/00965,pct_application
10389771,2016-02-08,WO,00,PCT/EP2016/025007,pct_application
5466678,1993-09-03,WO,00,PCT/JP93/01250,pct_application
7961844,2007-08-29,WO,00,PCT/JP2007/066791,pct_application
10772049,2017-08-03,WO,00,PCT/KR2017/008416,pct_application
10471523,2016-02-15,WO,00,PCT/JP2016/054295,pct_application
11125209,2017-05-02,WO,00,PCT/DK2017/050134,pct_application
10323498,2014-10-01,WO,00,PCT/US2014/058615,pct_application
11197592,2018-07-19,WO,00,PCT/CN2018/096301,pct_application
10196460,2016-05-26,WO,A,WO2016/078523,wo_grant
11279918,2020-01-30,WO,A,WO2020/020188,wo_grant
10389734,2016-06-09,WO,A,WO2016/088676,wo_grant
7663354,2005-08-04,WO,A,WO2005/071838,wo_grant
11243398,2018-03-09,WO,00,PCT/EP2018/055949,pct_application
11067416,2019-06-06,WO,A,WO2019/104393,wo_grant
11158474,2018-03-12,WO,00,PCT/JP2018/009416,pct_application
10734584,2017-06-08,WO,00,PCT/EP2017/063893,pct_application
11021707,2016-10-19,WO,00,PCT/US2016/057608,pct_application
9173119,2011-06-10,WO,00,PCT/JP2011/003293,pct_application
8105448,2006-01-12,WO,A,WO2006/004499,wo_grant
10028007,2014-05-08,WO,A,WO2014/070843,wo_grant
9883745,2017-01-26,WO,A,WO2017/011884,wo_grant
9046199,2012-03-12,WO,00,PCT/EP2012/001092,pct_application
9148933,2010-12-16,WO,00,PCT/CN2010/079857,pct_application
8528177,2005-11-02,WO,00,PCT/US2005/039706,pct_application
6872058,2001-09-17,WO,00,PCTAU01/01168,pct_application
5952835,1995-05-23,WO,00,PCT/CA95/00300,pct_application
7913329,2003-02-06,WO,A,WO03/009733,wo_grant
8104693,2007-09-26,WO,00,PCT/JP2007/068719,pct_application
8628422,2010-04-22,WO,A,WO2010/045333,wo_grant
8714456,2011-04-07,WO,A,WO2011/040032,wo_grant
7907387,2006-11-30,WO,A,WO2006/125901,wo_grant
9645034,2012-05-31,WO,A,WO2012/069631,wo_grant
9967593,2011-02-24,WO,A,WO2011/021530,wo_grant
7427689,2001-07-30,WO,00,PCT/US01/23869,pct_application
9984543,2016-02-16,WO,00,PCT/IB2016/050810,pct_application
9346915,2013-08-22,WO,A,WO2013/121893,wo_grant
4639722,1982-11-19,WO,00,PCT/JP82/00442,pct_application
9851378,2009-09-29,WO,00,PCT/US2009/058787,pct_application
10431255,2017-10-12,WO,A,WO2017/175264,wo_grant
8293489,2008-01-31,WO,00,PCT/US2008/052712,pct_application
8575298,2009-05-07,WO,A,WO2009/057255,wo_grant
8995617,2011-05-05,WO,A,WO2011/050887,wo_grant
5865467,1997-10-09,WO,A,WO97/36769,wo_grant
10107600,2014-10-16,WO,00,PCT/IB2014/065368,pct_application
10149639,2012-10-11,WO,A,WO2012/137855,wo_grant
6505821,2000-04-13,WO,A,WO00/20750,wo_grant
10177348,2014-07-02,WO,00,PCT/IB2014/001640,pct_application
9956998,2015-06-10,WO,00,PCT/US2015/035127,pct_application
8980509,2012-06-07,WO,A,WO2012/074082,wo_grant
11038339,2019-05-23,WO,A,WO2019/097668,wo_grant
7526373,2004-04-01,WO,A,WO2004/026612,wo_grant
7590252,2006-02-09,WO,A,WO2006/013940,wo_grant
8368794,2008-03-13,WO,A,WO2008/029570,wo_grant
9483684,2013-03-27,WO,00,PCT/JP2013/058917,pct_application
10552555,2015-10-19,WO,00,PCT/EP2015/074146,pct_application
8691280,2008-07-18,WO,00,PCT/NL2008/050496,pct_application
11305575,2017-03-30,WO,00,PCT/JP2017/013295,pct_application
10645572,2014-10-09,WO,00,PCT/SE2014/051189,pct_application
8439899,2010-03-18,WO,A,WO2010/029741,wo_grant
4672899,1985-09-16,WO,00,PCT/AT85/00030,pct_application
10536312,2017-06-08,WO,A,WO2017/096131,wo_grant
9071118,2010-06-17,WO,00,PCT/JP2010/004031,pct_application
10897353,2016-04-19,WO,00,PCT/ES2016/070275,pct_application
5772320,,WO,00,PCT/GB95/00071      ,pct_application
10640782,2015-10-09,WO,00,PCT/JP2015/078754,pct_application
9966580,2009-09-18,WO,00,PCT/EP2009/006763,pct_application
11174710,2016-10-07,WO,00,PCT/US2016/055867,pct_application
5705756,,WO,A,WO95/14914          ,wo_grant
9702193,2011-03-30,WO,00,PCT/US2011/030508,pct_application
8197832,2004-06-17,WO,A,WO2004/049805,wo_grant
10711590,2016-07-07,WO,A,WO2016/108915,wo_grant
10502309,2017-05-04,WO,A,WO2017/072211,wo_grant
9605157,2013-05-07,WO,00,PCT/IB2013/000855,pct_application
10813744,2015-09-03,WO,00,PCT/US2015/048334,pct_application
8141485,2007-02-22,WO,A,WO2007/020285,wo_grant
11089659,2015-12-02,WO,00,PCT/KR2015/013048,pct_application
10228163,2015-10-01,WO,A,WO2015/146723,wo_grant
9699156,2012-03-22,WO,A,WO2012/035340,wo_grant
7981358,2007-07-30,WO,00,PCT/JP2007/065307,pct_application
5144733,1989-12-28,WO,A,WO89/12919,wo_grant
11009470,2016-10-24,WO,00,PCT/JP2016/081483,pct_application
10070355,2012-10-11,WO,A,WO2012/136263,wo_grant
10341721,2011-03-31,WO,A,WO2011/035443,wo_grant
10854572,2018-04-26,WO,00,PCT/KR2018/004822,pct_application
10731511,2014-04-10,WO,A,WO2014/055105,wo_grant
10200829,2016-03-03,WO,A,WO2016/029407,wo_grant
9134601,2011-10-13,WO,A,WO2011/125986,wo_grant
10014475,2014-10-23,WO,A,WO2014/171931,wo_grant
6044195,1997-07-29,WO,00,PCT/JP97/02616,pct_application
11028001,2017-11-07,WO,00,PCT/US2017/060474,pct_application
8629164,2010-03-25,WO,00,PCT/US2010/028610,pct_application
9526095,2013-09-26,WO,A,WO2013/138983,wo_grant
9662130,2013-10-24,WO,A,WO2013/156071,wo_grant
9881535,2006-09-20,WO,00,PCT/JP2006/318575,pct_application
9024000,2011-04-26,WO,00,PCT/KR2011/003015,pct_application
8535631,2011-11-10,WO,A,WO2011/138425,wo_grant
8191589,2006-09-14,WO,00,PCT/JP2006/318660,pct_application
8583698,2009-04-09,WO,A,WO2009/044589,wo_grant
7714292,2007-01-17,WO,00,PCT/US2007/060621,pct_application
9095191,2010-04-01,WO,A,WO2010/037034,wo_grant
11144875,2018-03-16,WO,00,PCT/US2018/022866,pct_application
10947703,2016-06-24,WO,00,PCT/US2016/039176,pct_application
5553490,1993-04-29,WO,A,WO93/08401,wo_grant
8402843,2009-01-23,WO,00,PCT/US2009/000450,pct_application
4976168,1987-12-21,WO,00,PCT/AU87/00436,pct_application
11027695,2017-10-12,WO,A,WO2017/174641,wo_grant
6914996,2001-11-16,WO,00,PCT/JP01/10011,pct_application
8451096,2008-12-11,WO,A,WO2008/148226,wo_grant
10728832,2017-12-28,WO,A,WO2017/220970,wo_grant
10300070,2015-10-01,WO,A,WO2015/149001,wo_grant
10100246,2015-06-18,WO,A,WO2015/088509,wo_grant
8323326,2006-12-21,WO,A,WO2006/133959,wo_grant
6197574,1997-11-09,WO,00,PCT/JP97/04066,pct_application
7831790,2004-03-17,WO,00,PCT/IB2004/050269,pct_application
6190198,1997-03-21,WO,00,PCT/GB97/00794,pct_application
9353217,2011-12-09,WO,00,PCT/JP2011/078510,pct_application
8113047,2005-12-09,WO,00,PCT/EP2005/013256,pct_application
7002153,2001-03-01,WO,A,WO01/14838,wo_grant
9041786,2010-10-14,WO,A,WO2010/116969,wo_grant
11307133,2019-06-27,WO,A,WO2019/121836,wo_grant
10173219,2012-02-03,WO,00,PCT/DK2012/050043,pct_application
11252575,2018-05-11,WO,A,WO2018/083374,wo_grant
7427851,2005-03-31,WO,A,WO2005/029674,wo_grant
8678487,2007-12-06,WO,00,PCT/EP2007/063483,pct_application
6559162,2001-07-05,WO,A,WO01/47893,wo_grant
7642795,2006-06-29,WO,A,WO2006/067838,wo_grant
10605479,2016-08-31,WO,00,PCT/JP2016/075568,pct_application
7823889,2005-03-30,WO,00,PCT/JP2005/006178,pct_application
10960356,2017-02-24,WO,00,PCT/JP2017/007052,pct_application
6235940,1998-12-17,WO,00,PCT/EP98/08302,pct_application
9933559,2014-12-31,WO,00,PCT/CN2014/095740,pct_application
6259776,1998-03-18,WO,00,PCT/GB98/00809,pct_application
10916580,2018-07-05,WO,A,WO2018/122354,wo_grant
10906636,2015-10-21,WO,00,PCT/US2015/056566,pct_application
9676830,2012-05-24,WO,A,WO2012/068509,wo_grant
5264527,1990-05-07,WO,00,PCT/FR90/00514,pct_application
9901097,2013-04-04,WO,A,WO2013/047441,wo_grant
5719023,,WO,A,WO93/05177          ,wo_grant
9972870,2016-03-03,WO,A,WO2016/031635,wo_grant
9500931,2013-07-11,WO,A,WO2013/102307,wo_grant
6327895,1999-01-21,WO,A,WO99/02206,wo_grant
10880136,2018-10-04,WO,A,WO2018/182750,wo_grant
9551797,2011-09-22,WO,00,PCT/EP2011/004757,pct_application
9567152,2014-03-15,WO,00,PCT/US2014/030064,pct_application
6148986,1998-02-19,WO,A,WO98/06649,wo_grant
8820413,2008-12-16,WO,00,PCT/NO2008/000454,pct_application
10808065,2017-04-21,WO,00,PCT/JP2017/016008,pct_application
10155824,2014-10-07,WO,00,PCT/JP2014/076846,pct_application
8105562,2004-12-07,WO,00,PCT/DE2004/002685,pct_application
9933505,2014-04-01,WO,00,PCT/US2014/032508,pct_application
8758971,2009-12-16,WO,00,PCT/JP2009/071356,pct_application
5376145,1989-02-23,WO,A,WO89/01541,wo_grant
8820278,2010-09-09,WO,00,PCT/JP2010/065501,pct_application
9393517,2013-11-28,WO,A,WO2013/176816,wo_grant
11206832,2019-03-14,WO,A,WO2019/051029,wo_grant
6049873,1997-04-24,WO,A,WO97/15132,wo_grant
7607412,2006-11-23,WO,00,PCT/FR2006/051216,pct_application
9415539,2012-05-23,WO,00,PCT/US2012/039102,pct_application
10937616,2017-07-13,WO,A,WO2017/118558,wo_grant
8541531,2009-09-24,WO,A,WO2009/117729,wo_grant
8018074,2007-10-18,WO,A,WO2007/116990,wo_grant
8527077,2009-02-20,WO,00,PCT/EP2009/052085,pct_application
6344426,1999-11-25,WO,A,WO99/59936,wo_grant
5493932,1993-12-09,WO,A,WO93/24771,wo_grant
9482588,2013-12-10,WO,00,PCT/EP2013/076008,pct_application
7314878,2003-11-06,WO,A,WO03/091249,wo_grant
7532984,2005-11-10,WO,A,WO2005/106190,wo_grant
