patent_id,term_extension
4625261,
9824892,1229.0
10047482,123.0
10606652,115.0
9229715,158.0
D643530,
6964927,299.0
9094621,3116.0
8319579,69.0
D655499,
8540774,186.0
9138298,224.0
6906059,13.0
8759093,1736.0
8244878,615.0
D927924,
9263899,801.0
9145744,279.0
11437337,155.0
11136572,
7797485,199.0
9672984,320.0
9633175,428.0
7110884,194.0
9561217,
11137772,
7227078,598.0
10398107,
7503312,66.0
D903865,
7718978,148.0
9047079,579.0
11212043,98.0
7076165,693.0
D547322,
10412394,
6510349,
D941101,
10356921,11.0
9740081,119.0
11318412,160.0
9410103,
7861540,518.0
7557565,105.0
7403557,660.0
7942764,87.0
10424788,113.0
D396936,
D449130,
10083273,
10736289,
8297729,288.0
9479695,74.0
6917070,13.0
10848445,25.0
7570069,22.0
9307655,152.0
10346290,114.0
7801450,635.0
9099921,581.0
11410574,828.0
9584846,677.0
9945457,295.0
7622265,398.0
D658551,
8807211,778.0
10590413,129.0
10738560,206.0
10457012,699.0
8400152,366.0
D671052,
11356997,19.0
8886543,435.0
6439071,24.0
7960895,231.0
10001230,91.0
11277493,
10611863,
10015043,93.0
7797967,359.0
8436125,9.0
9168685,
8432304,62.0
8599271,
D421452,
D289880,
10156601,43.0
7275202,643.0
7144901,413.0
9452529,94.0
7375151,168.0
7299046,502.0
10719555,401.0
10252082,400.0
D959589,
9019850,301.0
8511567,748.0
8227999,269.0
D617617,
7257182,886.0
D267553,
11021683,
7767220,1867.0
7773167,127.0
11294011,51.0
9599529,487.0
8571965,1064.0
9243222,88.0
8120271,273.0
9447370,638.0
9826452,202.0
9170345,712.0
8020721,1079.0
8345099,353.0
7148126,5.0
7099409,714.0
10496832,228.0
7739251,416.0
8683601,1603.0
PP25198,113.0
7123363,248.0
7928280,4.0
7470362,
9629153,59.0
7738758,10.0
9317627,
D738887,
6786492,115.0
7999303,342.0
D428489,
8677985,
D351831,
D898025,
D929112,
9354891,563.0
9441998,242.0
11136703,236.0
7335583,149.0
10643822,553.0
8117736,463.0
7921300,1077.0
9623490,
10230767,179.0
8432876,848.0
D824564,
7207307,258.0
7759346,890.0
8004038,1075.0
7344995,348.0
8913516,141.0
7888635,410.0
D890429,
10250942,
7815609,45.0
9267215,101.0
11357125,
9412337,370.0
7809561,826.0
9231478,83.0
D259152,
10316799,14.0
7477892,603.0
9648060,196.0
10916035,131.0
10420488,799.0
9215044,
7456847,902.0
9795771,629.0
9270080,771.0
10475907,42.0
7003130,354.0
10001988,156.0
8185986,457.0
9644266,131.0
D767463,
D695282,
8795826,615.0
10667092,161.0
D897179,
11220008,271.0
8098247,218.0
11029656,
D585983,
7924426,294.0
9641741,76.0
6854871,11.0
9289365,279.0
6518368,
11410896,145.0
7528471,214.0
7904147,1002.0
8544817,1209.0
8635490,
D339478,
8889075,1007.0
8841599,442.0
D549606,
8118328,170.0
6959095,791.0
7967991,516.0
8415948,325.0
11369379,114.0
8395638,1125.0
D326782,
8843467,307.0
8687438,278.0
D912823,
10289634,431.0
8432956,
8438528,
D256693,
7877147,844.0
10708227,132.0
8848891,144.0
8523648,1440.0
8784919,43.0
9990896,1044.0
7636142,176.0
6997924,249.0
D308325,
8965452,
8236614,266.0
D527794,
6785663,533.0
11048932,113.0
9617060,
8318284,192.0
8182065,1833.0
8861143,102.0
11397976,123.0
7142249,460.0
7346125,293.0
7595197,978.0
D428403,
8358284,544.0
10042024,663.0
5571461,
7313129,993.0
10243400,224.0
10925265,295.0
9206749,
6642744,35.0
8733268,114.0
8103583,1121.0
9610595,73.0
9155440,197.0
D560274,
9448969,21.0
8218851,735.0
8325577,40.0
D526396,
7356612,994.0
D722803,
10884440,86.0
7129466,221.0
9840599,72.0
9677833,49.0
9337879,409.0
8186934,1128.0
D421202,
4808406,
9048695,486.0
D782626,
11007868,
8167984,479.0
7220126,122.0
11002742,472.0
D262811,
9414809,706.0
6551742,326.0
7623835,
10637298,87.0
9625798,76.0
10278385,658.0
D370812,
D761829,
9269733,45.0
11195194,
7632088,80.0
10763042,33.0
10596621,130.0
D396315,
9191093,435.0
8120554,1052.0
6850079,100.0
7907919,1419.0
8726080,275.0
9160546,
7978489,463.0
8789654,154.0
7646490,341.0
8733138,85.0
8861435,634.0
6540652,129.0
10129085,270.0
10202624,372.0
7455226,319.0
8918056,504.0
8695958,615.0
7997188,422.0
7832760,486.0
10870108,246.0
10848399,112.0
10807336,135.0
7590478,201.0
9631260,564.0
7594523,299.0
D252325,
D501263,
7665283,
8197704,420.0
8801110,319.0
9078029,
8100761,783.0
7554732,294.0
D317540,
D270699,
11086023,346.0
9705925,52.0
10728020,214.0
5288750,
8680972,395.0
D613424,
9871062,52.0
7872160,144.0
D733142,
6661493,45.0
9957044,891.0
11421184,197.0
D756357,
9140828,139.0
8774751,193.0
8415017,
D348995,
6972369,46.0
9945368,253.0
7853249,1535.0
8111806,149.0
9838913,376.0
6525399,
4091224,
9157337,411.0
6710573,72.0
8336701,444.0
10405621,478.0
10633526,175.0
9481545,166.0
10481309,62.0
7052225,140.0
10835410,125.0
7811211,826.0
D787816,
10390532,
6581944,14.0
7426921,82.0
9031548,105.0
D381292,
8437947,697.0
8654871,590.0
8945467,76.0
7556800,630.0
10561893,114.0
D755675,
9884002,
7630603,17.0
9467628,41.0
9476694,57.0
7133362,978.0
9100677,31.0
7579623,298.0
7407070,11.0
6721640,205.0
7728724,786.0
6687296,233.0
8258779,837.0
8250558,1233.0
10896205,113.0
11182600,706.0
9157033,322.0
8374401,428.0
6723193,38.0
6795812,412.0
8080830,538.0
10320706,321.0
D736061,
8572865,380.0
7139647,224.0
D854978,
8330019,318.0
8679021,635.0
7870589,1077.0
D645801,
D357122,
D694473,
8921349,253.0
7996391,707.0
D899460,
7085981,474.0
D618798,
8547843,1014.0
D514196,
8474503,200.0
D352666,
6881825,244.0
7334317,177.0
10758894,32.0
8980413,481.0
D783400,
D669641,
9054448,78.0
10442095,341.0
10535969,280.0
9544488,636.0
8750973,685.0
9285858,367.0
7848928,586.0
D783506,
10419013,
9318614,23.0
D760068,
D649222,
D727796,
10634751,115.0
11086515,
6634472,67.0
11061804,15.0
8418207,635.0
D633565,
9916864,48.0
8363589,335.0
D763820,
7939716,694.0
9988607,
10509989,
8342638,401.0
9719670,248.0
7346962,489.0
7804984,1037.0
D494958,
D602775,
10302524,105.0
9573019,210.0
D628811,
10775794,377.0
8938166,107.0
8676670,1776.0
D453364,
11361350,613.0
8626630,8.0
7095724,
6398869,
7625583,
7272706,874.0
9301672,7.0
9378000,88.0
6644620,44.0
9232439,139.0
9164595,315.0
10996263,182.0
8190357,1471.0
7929607,
8643531,487.0
10672458,
8693034,392.0
8979568,197.0
10116722,
D448635,
7985915,449.0
8777346,142.0
6991597,294.0
7280488,1058.0
7624403,1234.0
7875162,1284.0
8644277,462.0
D247101,
6847811,594.0
8151120,786.0
D249129,
9590775,14.0
11365040,48.0
8154106,1366.0
10003044,145.0
10898953,264.0
6718074,619.0
9411353,173.0
10421824,227.0
10905394,448.0
9720970,97.0
8359613,375.0
8412275,447.0
D667121,
10247271,35.0
6762126,158.0
D371364,
D562686,
D677741,
D582751,
10003487,
7012630,190.0
8104942,414.0
11152547,193.0
7739923,291.0
7969885,170.0
8550066,977.0
8702693,975.0
D319201,
8554274,27.0
10141783,445.0
D550169,
D347779,
D947179,
8133230,981.0
9111833,206.0
8824914,252.0
9894046,
D577690,
9313527,40.0
8022582,224.0
D325135,
D752390,
7543436,403.0
6641601,
8584118,
D513991,
9595476,
8568370,913.0
D704703,
10481663,228.0
9952104,292.0
8804702,
7368339,196.0
11195839,
11263027,
11253061,
8245495,87.0
11312834,254.0
D655038,
D339266,
7761159,1485.0
6901220,717.0
D595959,
9633344,260.0
8945747,837.0
7036049,600.0
8379209,91.0
D924837,
6749867,40.0
11110819,652.0
8680671,509.0
6747385,105.0
10441841,96.0
D884789,
8645454,514.0
8109312,249.0
6883136,941.0
9459919,253.0
7302302,264.0
8674401,157.0
9576253,707.0
10625000,529.0
7429021,24.0
8468007,
D745265,
8031111,202.0
D578634,
6928235,464.0
9608518,53.0
10037532,558.0
11430912,83.0
7500095,395.0
8557361,198.0
8755450,35.0
9904935,405.0
D942330,
8223197,454.0
D403442,
8438678,91.0
7531936,400.0
7875183,199.0
D431784,
6761477,72.0
9524223,123.0
7237616,42.0
7525751,79.0
8361175,766.0
11255009,204.0
8262134,214.0
9476871,371.0
10213196,387.0
7136709,18.0
8798241,222.0
9620369,157.0
7545981,678.0
8838514,302.0
D315861,
D833260,
6912302,707.0
D623382,
11363552,89.0
11044700,36.0
D812039,
D802759,
7782074,216.0
10625856,6.0
6768689,175.0
9314969,42.0
9151488,381.0
6884243,344.0
9161405,906.0
6973639,672.0
9993226,150.0
8280738,76.0
8756822,190.0
7248704,444.0
8335288,803.0
6805099,90.0
9227979,1.0
9282488,524.0
D793193,
9653922,553.0
D520256,
7756461,256.0
7286040,520.0
10499102,
8577683,
10700414,569.0
9671804,81.0
9492222,
7420971,597.0
D639660,
7045553,140.0
D674421,
9033358,158.0
D803577,
11302559,
10713062,189.0
8353425,304.0
D758261,
11447038,305.0
7529679,1097.0
9760136,260.0
D945944,
8636751,272.0
9368189,81.0
10817779,656.0
D885378,
6707034,46.0
9437732,
9789458,276.0
8279805,229.0
7904915,1029.0
8050090,
D639104,
7305710,933.0
10408129,47.0
5345010,
7762506,872.0
9234369,231.0
9672997,200.0
D511000,
D568733,
8948773,1444.0
7050081,194.0
8307721,220.0
9115535,314.0
9833985,75.0
10294948,389.0
7882439,669.0
10328517,78.0
7666901,480.0
7894788,939.0
D962448,
8433859,369.0
9858363,897.0
D522818,
7174763,30.0
10081897,
7453782,119.0
8721643,
11064022,124.0
10387149,
9966158,281.0
9449494,1915.0
8773675,164.0
9520794,511.0
D657268,
10449199,
10659821,
9159799,33.0
9204815,99.0
7055209,608.0
D888392,
9001291,117.0
10749763,271.0
9431161,32.0
5179693,
8838542,
10603762,90.0
7350139,737.0
8800990,186.0
7293985,328.0
9207216,564.0
7690533,342.0
D377722,
D581213,
D821466,
5591564,
7552273,422.0
8564044,76.0
8994000,136.0
8548806,1340.0
7595355,812.0
10542040,283.0
7092672,234.0
10210227,551.0
8680484,34.0
9178565,
D247578,
11448288,142.0
6766818,91.0
7591915,436.0
11301165,520.0
8914420,310.0
8910026,259.0
8575390,441.0
7482817,316.0
8239784,936.0
7810309,830.0
10602251,
8975676,16.0
D808073,
7020403,85.0
8278093,
7322063,37.0
6581973,126.0
6744524,178.0
9056168,232.0
7783770,806.0
D472736,
7365379,221.0
9467975,161.0
8237750,949.0
9874086,631.0
8251897,582.0
8740090,110.0
7844534,
9832656,
D694771,
6826812,4.0
D800031,
9590811,
8554831,570.0
11154565,
7827045,1472.0
5368502,
6861392,247.0
7447860,113.0
7802209,557.0
9018934,121.0
10042566,
10016110,636.0
9070823,71.0
8570317,404.0
9136841,597.0
D860397,
D265663,
D318961,
6674880,593.0
8152342,
7388834,1051.0
10339163,
8548817,1835.0
8259245,531.0
7997543,658.0
9871914,
9526410,214.0
9859134,779.0
10207155,80.0
D617290,
9980120,43.0
D450234,
11363766,415.0
9204420,401.0
10423104,
D448466,
D421279,
7962911,1168.0
11409002,531.0
D384411,
8274453,1378.0
10298958,
9647412,760.0
11444144,177.0
10346656,33.0
6610963,8.0
8237174,239.0
9686166,161.0
PP29045,82.0
9812887,22.0
7027247,228.0
D365927,
D654541,
D512673,
8632021,1013.0
10871156,199.0
8856321,716.0
9898145,31.0
11300098,222.0
9729949,478.0
10637529,29.0
D503062,
10897685,
10700110,4.0
5075592,
7562346,493.0
10629239,
9900385,461.0
6676583,15.0
D599166,
8454298,1410.0
10302819,98.0
D301154,
7187991,206.0
10090999,172.0
D589352,
D304266,
9953541,143.0
7918865,1364.0
9757963,120.0
7114448,287.0
11105455,191.0
10363664,121.0
8252954,272.0
8272184,52.0
9432345,104.0
10568221,113.0
D587444,
10536962,78.0
6422525,
7574691,703.0
10167772,51.0
D663514,
7945765,404.0
9816561,32.0
9271146,49.0
7167817,507.0
7816026,1062.0
8637028,
7638068,678.0
D738293,
6533110,
D573418,
9579124,375.0
D533637,
11352080,217.0
8881874,127.0
8506752,30.0
7916081,337.0
D271636,
7594367,194.0
10883650,
10858772,42.0
7769243,943.0
D706245,
11435124,449.0
8783285,1332.0
9254764,149.0
11453097,89.0
10267537,878.0
7793875,345.0
D944858,
9913346,37.0
10625201,221.0
7923934,626.0
8691429,899.0
8670005,744.0
11332585,546.0
7540345,345.0
D754997,
7977115,1288.0
6971170,515.0
8531690,359.0
10724431,
9406258,
D356881,
9094023,843.0
D561081,
D398081,
8027824,574.0
11433257,27.0
8113536,216.0
D280181,
9203337,150.0
9679881,
8422687,1310.0
10550997,206.0
8659579,888.0
8231945,1367.0
7763813,186.0
7564453,764.0
7177438,588.0
9507670,325.0
7938004,664.0
8145740,887.0
7110339,632.0
7217586,73.0
7848700,1058.0
7857092,612.0
9214596,149.0
11211231,174.0
10194129,731.0
D606410,
10363430,
9671949,296.0
4089802,
10751175,255.0
9969772,
10605310,255.0
8344496,203.0
9920034,
10159966,544.0
7675893,
9473536,
7453791,789.0
9368198,34.0
8715997,437.0
10297757,219.0
9772884,
7354900,361.0
9400952,
D665499,
8038878,145.0
10281708,265.0
11326807,176.0
7307909,75.0
D339900,
10400699,172.0
8872812,804.0
D940135,
6398512,
6980927,76.0
5232798,
7952521,698.0
D630245,
6937243,401.0
7104438,57.0
7961382,97.0
9924547,118.0
8005550,221.0
10609961,133.0
11320197,366.0
7817936,70.0
9203955,
10046333,404.0
8656518,841.0
11281014,147.0
9102169,345.0
7266279,324.0
10154018,57.0
11154586,
7343041,1217.0
6572361,78.0
8816324,36.0
7524982,306.0
7596882,634.0
8135787,134.0
8506621,
8413589,413.0
9981445,386.0
9069843,357.0
9545781,13.0
7926526,1321.0
7462404,460.0
9564761,194.0
9969369,59.0
11334380,273.0
7177323,925.0
7143355,497.0
9323402,608.0
D545849,
7404334,107.0
6720615,
7991068,
D607066,
9772493,90.0
7471641,612.0
7806222,650.0
7222051,55.0
9324449,267.0
10952297,
8752963,402.0
8770350,448.0
6882687,727.0
10329077,7.0
D528110,
8511170,492.0
8247067,1174.0
D861591,
7588693,173.0
D936432,
D672166,
D890832,
D484516,
10024403,446.0
8079630,378.0
7473931,729.0
8115157,234.0
8232163,39.0
9802175,158.0
10529518,439.0
10502758,144.0
D952701,
D385244,
8223821,579.0
7990154,428.0
8373194,220.0
10892075,363.0
D270059,
8388085,126.0
10501620,732.0
9120719,15.0
11415160,252.0
10834953,165.0
11164566,70.0
10946997,416.0
9051362,562.0
11062670,319.0
9080145,773.0
D554478,
8708280,75.0
9749337,17.0
6689065,
8919228,423.0
7536115,152.0
8047933,342.0
10802542,82.0
6889347,591.0
11307149,78.0
9355128,166.0
7426985,
7926485,328.0
7782108,256.0
7593046,435.0
D953102,
7474168,609.0
8487929,603.0
9215136,190.0
D790888,
10180365,352.0
7807056,225.0
8787042,151.0
8201361,
D386150,
10054373,6.0
10257698,305.0
10466341,407.0
11122879,
7140975,14.0
D474477,
11379394,16.0
10809433,279.0
10256927,88.0
9289915,1189.0
6694464,459.0
10438587,130.0
11106941,10.0
11179250,350.0
8754628,322.0
D446588,
4728611,
6824975,134.0
9111785,
6826112,30.0
7212053,44.0
D790103,
8558515,249.0
10047608,365.0
11257452,258.0
8153574,37.0
D693922,
6496431,
7078545,550.0
9559268,132.0
7794615,87.0
7478042,908.0
D370836,
D897758,
8491560,744.0
D325848,
10867336,596.0
8168700,581.0
7073082,262.0
D533853,
10990619,144.0
9261164,51.0
D653824,
7639208,673.0
11107890,11.0
10624999,559.0
8108024,1195.0
7242019,574.0
8197877,1174.0
D640141,
7142394,455.0
7300790,447.0
10514004,728.0
5483629,
8667671,804.0
7772234,1316.0
D770329,
D901322,
7448625,222.0
10291917,757.0
10912462,355.0
D828445,
10145960,743.0
D641502,
D578352,
D479304,
7458125,
10182008,
D690157,
D608314,
7869298,336.0
10528471,71.0
8596601,422.0
D675501,
11204361,165.0
7434699,450.0
5346823,
7133114,81.0
7611711,57.0
8384388,704.0
D757032,
7392697,2.0
D454715,
8408120,958.0
9480309,82.0
8419295,392.0
10172003,172.0
8167762,412.0
7332064,329.0
11317429,80.0
4970218,
D632761,
9585499,772.0
10787709,
8008766,
10158517,
8630774,245.0
D489296,
7664496,449.0
11456193,67.0
D531698,
6991013,328.0
9813896,66.0
6485720,
11425970,65.0
11084679,142.0
8440707,82.0
9633868,237.0
10835333,294.0
10768536,
D254000,
9463651,11.0
D749106,
6511765,110.0
10548342,
9582782,602.0
11386691,260.0
7403223,327.0
8819956,320.0
D707208,
10039115,37.0
11426975,2.0
8441020,432.0
10461894,128.0
D621851,
11322974,
8024683,622.0
8983506,1468.0
10466084,
10005620,
11333316,
8786451,419.0
8846044,156.0
D675120,
9627732,
7029623,394.0
8285984,344.0
D348381,
6750548,
9068070,516.0
7873958,1302.0
D522611,
8611440,1385.0
9763300,
9790027,51.0
10559955,374.0
D302919,
10250489,13.0
10873562,
8463932,734.0
9714451,855.0
9821276,460.0
7328095,325.0
7493257,926.0
D301497,
9851386,717.0
11125553,433.0
D918324,
7032448,33.0
D893952,
8288654,369.0
9274088,413.0
8385759,249.0
11375362,1.0
7309650,323.0
11277433,307.0
9036091,455.0
8590760,794.0
10623982,127.0
6789667,99.0
8828032,73.0
9544990,155.0
D593512,
10462437,33.0
D574015,
7842205,579.0
9904120,252.0
7036078,503.0
7715713,2020.0
D609973,
9483780,91.0
9907249,10.0
9686302,120.0
10947016,13.0
11368013,255.0
7254703,401.0
7612312,667.0
D854248,
9038712,336.0
D649536,
D781483,
D757916,
7266896,36.0
8417842,582.0
11076557,39.0
7485360,661.0
8594371,594.0
7426684,706.0
D606724,
10888746,
9171497,33.0
8819270,225.0
10460906,80.0
D932162,
8542228,329.0
D459995,
8355044,931.0
D572042,
D329083,
6415030,
7527087,25.0
9377158,17.0
9165361,35.0
7539354,314.0
8224956,507.0
8724202,228.0
10545514,51.0
8066293,347.0
8369418,558.0
7435955,171.0
8303549,684.0
11400149,120.0
11253681,322.0
7678508,961.0
D389703,
D824693,
9202156,
8085413,1111.0
6704887,544.0
10910093,
9500410,1181.0
10287885,429.0
9146632,133.0
7825637,799.0
10417370,493.0
10067322,293.0
6557057,
11264981,
10424002,616.0
9944693,142.0
9055600,4.0
6999635,731.0
D871068,
7827141,578.0
8388130,517.0
5161237,
8379344,423.0
9169033,1075.0
10249436,22.0
9680774,205.0
9290890,664.0
4303556,
7060862,117.0
10996990,161.0
8651891,41.0
7183670,412.0
7836119,206.0
10636524,828.0
7503916,235.0
10221086,143.0
9820879,308.0
10663298,361.0
D649820,
10015464,908.0
7270231,117.0
D524439,
8565151,605.0
11421264,
D614149,
8435948,479.0
7200511,118.0
11450400,50.0
D646231,
8236726,438.0
8642920,459.0
10640842,
8493394,1106.0
10371092,728.0
7607915,692.0
9655603,533.0
D643312,
8582258,
11409348,212.0
8859078,570.0
8925542,1015.0
10739449,306.0
11115224,307.0
8004673,318.0
8375087,263.0
10730739,39.0
7273448,136.0
8544707,302.0
8448954,259.0
7567955,591.0
11454564,40.0
9875302,227.0
11279339,224.0
9592071,104.0
7694791,271.0
11209531,464.0
7813352,182.0
D884520,
6769824,97.0
D245241,
10165451,
10897046,88.0
10391910,333.0
8945331,30.0
7533563,97.0
7943599,729.0
8336746,161.0
9304566,1081.0
7018064,158.0
D505137,
7481293,498.0
9962480,433.0
11278841,
9763360,33.0
7346365,289.0
7672603,258.0
9550718,71.0
8299053,355.0
7922268,441.0
6927474,13.0
9427264,
10415879,162.0
D340589,
7682295,456.0
10962867,
D310626,
8398787,176.0
7258668,558.0
D492918,
10555225,
8296368,87.0
7723767,439.0
7164762,164.0
9656511,751.0
9654481,16.0
D575899,
10194109,43.0
7383247,509.0
11131026,
D518719,
10246383,
6751113,7.0
7585640,288.0
11025743,24.0
7234273,121.0
10347772,130.0
8007016,925.0
10838112,161.0
8722698,389.0
11269156,362.0
D466450,
10671487,
8370359,181.0
9872720,
9082952,424.0
8375122,1905.0
10431829,85.0
8894670,849.0
9422598,287.0
7284135,473.0
9605128,209.0
6807786,14.0
9952314,633.0
D578444,
5038539,
10575492,
9665716,16.0
8712348,210.0
7406998,183.0
8460288,739.0
7316171,264.0
9662225,
8313426,818.0
8099880,548.0
7288597,
D307903,
7099426,794.0
D429244,
8065393,1250.0
D961268,
6819911,685.0
10376545,169.0
7452702,735.0
9130489,65.0
8416544,118.0
8534760,498.0
D670928,
8385151,365.0
D267655,
7546674,445.0
7814977,117.0
7870824,449.0
D962750,
10712018,1002.0
D656302,
10596793,234.0
8768312,672.0
7425458,361.0
8734538,81.0
11134634,203.0
6724573,282.0
6805751,116.0
7127653,348.0
7274380,978.0
11394611,36.0
7836669,676.0
8380166,1097.0
11180975,522.0
7716401,139.0
D251544,
7326511,190.0
7671761,298.0
5030707,
11259954,607.0
D620552,
D481364,
6785649,
8425747,246.0
D477112,
7369750,1476.0
9958548,679.0
8145352,
8190758,31.0
9975473,1.0
11382200,
8545083,212.0
7797177,2937.0
8317499,647.0
4801141,
9353770,906.0
11359604,359.0
7608669,136.0
10645234,148.0
8024229,257.0
7962733,158.0
9300134,726.0
D550086,
D419612,
10468756,35.0
7801260,895.0
7596911,306.0
10815348,166.0
D444539,
10381108,351.0
9005299,5.0
10356710,210.0
D519617,
8479316,351.0
7795451,155.0
7354802,7.0
D738030,
8592168,136.0
7389020,32.0
10019395,183.0
10846727,
D879078,
9919632,664.0
9561859,60.0
7554519,880.0
7550937,317.0
7306538,252.0
8519416,68.0
D304744,
10295084,45.0
10891027,
6914745,274.0
9350053,59.0
11146357,
7861718,953.0
6936141,163.0
10779102,
7060208,289.0
11277453,264.0
8061675,456.0
7328567,163.0
11040023,
7772485,635.0
7561819,218.0
7518028,521.0
8697201,1895.0
8772326,494.0
10649451,
D288833,
7922309,369.0
9046166,210.0
9772234,329.0
9142052,153.0
10342890,64.0
9491244,1018.0
9787501,562.0
6873387,287.0
9276820,809.0
8366378,655.0
10808313,
9302567,74.0
D957000,
PP33161,4.0
8963508,279.0
8345052,1138.0
10328394,907.0
10920300,377.0
7054868,165.0
D515064,
7610265,369.0
D526789,
D588170,
7014955,882.0
7440863,35.0
7091257,654.0
11069256,297.0
10603416,
9441132,492.0
11238334,105.0
9494408,193.0
7259077,111.0
7252409,42.0
4071142,
6581829,202.0
8584183,144.0
9222126,358.0
D415090,
7692008,
7191102,689.0
7508162,175.0
7614739,99.0
10812308,
6917838,6.0
7886656,701.0
7211957,345.0
D538628,
11224356,455.0
8546941,676.0
D422429,
10655574,83.0
11099087,179.0
8659746,812.0
7609334,46.0
10323619,525.0
7007916,55.0
D662447,
9065684,1044.0
8368182,489.0
D618368,
8337404,266.0
9050478,386.0
9191080,57.0
6865343,235.0
RE42851,
8266692,1044.0
9261088,374.0
8110822,183.0
7511090,252.0
8087084,1227.0
7720198,23.0
9071394,
9885522,1072.0
9039987,109.0
D472464,
7436263,801.0
6994808,41.0
8312327,735.0
9535885,750.0
9571588,466.0
7660144,583.0
7232959,100.0
10315750,426.0
D610933,
10803666,119.0
6647077,666.0
9085722,160.0
11370120,476.0
6871524,14.0
10187332,
7911530,2282.0
D665033,
6496962,98.0
10838430,215.0
6802992,858.0
7539100,533.0
D757886,
7601999,762.0
11215447,287.0
9463571,4.0
10330320,400.0
D727435,
7029558,512.0
8782364,184.0
11068148,438.0
8529136,307.0
8282650,566.0
8121736,330.0
9114438,87.0
7810227,273.0
7438746,548.0
6664555,
8165257,722.0
7286446,758.0
9866344,7.0
10818003,27.0
10177342,25.0
8597336,751.0
D319898,
10203037,375.0
9122714,17.0
11252490,262.0
7809026,235.0
6914939,824.0
D949394,
7851605,280.0
9941035,3.0
D484313,
9879792,118.0
9476815,506.0
9769291,192.0
D834023,
8705384,605.0
D737737,
10070127,463.0
10936757,109.0
4994583,
6954991,56.0
7310772,290.0
10033127,277.0
9923938,113.0
8000121,361.0
8164970,415.0
9545764,147.0
10351771,307.0
8196653,214.0
7212749,
D599146,
7531928,495.0
9022141,248.0
7213257,1037.0
D872564,
9697632,146.0
7326585,246.0
7360088,639.0
8613014,58.0
8831838,237.0
8199428,247.0
9524190,258.0
D947999,
D728228,
8077895,736.0
D765347,
8132159,831.0
11427336,238.0
7466876,
8690092,273.0
7658302,278.0
8496596,755.0
8565882,
D333900,
10869667,315.0
8013188,596.0
D932890,
7433038,356.0
8593615,382.0
8307280,999.0
11143491,350.0
9218664,914.0
8002551,486.0
7119840,720.0
7736925,16.0
6962206,165.0
9091875,374.0
8191828,1036.0
10750853,77.0
8334875,800.0
10148715,
10845146,
7315493,741.0
9480931,178.0
8472065,
10940255,188.0
9317815,
10824150,
10443627,60.0
7165119,280.0
6965549,620.0
7016597,1147.0
8727845,45.0
10272993,
8044825,276.0
D941672,
10345320,613.0
9397704,
10859802,141.0
9379631,
7172723,147.0
7149033,32.0
9971023,443.0
10948103,126.0
D634637,
11016002,291.0
D611923,
8283131,500.0
8044973,868.0
10119997,133.0
7646827,834.0
11354118,
10746320,77.0
D830057,
8422395,738.0
9039612,302.0
D756577,
9080784,661.0
10301750,1022.0
6800231,
11160978,94.0
10956634,497.0
D706554,
10300798,926.0
9323901,791.0
8248718,62.0
7226492,54.0
D793601,
10132114,1432.0
7988391,317.0
8290757,753.0
10394340,
7824203,654.0
9229146,189.0
8975449,
5054394,
10568770,74.0
9364720,510.0
6962403,
10446937,
9570945,888.0
9739467,208.0
6826813,211.0
D769640,
8387416,662.0
9171818,323.0
D258485,
9587341,1030.0
D471063,
10936622,287.0
9531678,126.0
8042954,966.0
7380230,206.0
10988103,106.0
D438810,
7310136,195.0
11172747,772.0
6852026,349.0
10410386,221.0
9093863,848.0
9544559,71.0
8810769,656.0
8639716,
8992611,555.0
4349336,
6917739,23.0
9987626,224.0
D636599,
D250009,
9182345,119.0
10183748,
8375286,1926.0
9822436,2505.0
D932446,
11359554,149.0
10930480,
7474321,490.0
7833913,810.0
11365502,162.0
7782936,812.0
10971533,166.0
7692814,1015.0
9635592,
10750746,
9848374,50.0
10846230,32.0
7268782,68.0
D312094,
8790428,982.0
7047996,56.0
D324220,
7518807,60.0
D464298,
8246155,660.0
7539416,490.0
9837140,
10057042,170.0
5246282,
10173876,
D515278,
7895555,295.0
D853312,
11457354,157.0
7869607,81.0
9497484,315.0
10138421,9.0
7889174,1058.0
9116657,1133.0
8072329,620.0
10645698,23.0
9001293,151.0
10492597,228.0
D290213,
10355682,
10285714,251.0
7837532,270.0
8225946,900.0
6372241,
8150175,681.0
D362738,
7566662,286.0
10500624,231.0
10258963,157.0
10976414,421.0
D722222,
9119142,158.0
D252626,
10906622,124.0
10928514,337.0
7425769,73.0
6863728,
5026566,
9201655,1729.0
D305168,
8465676,130.0
10941742,189.0
7731140,789.0
8630956,73.0
8699694,488.0
7808700,343.0
8172941,1165.0
7516338,314.0
8036243,208.0
11097942,287.0
6580215,173.0
8050998,886.0
7958387,300.0
7523798,459.0
D602713,
7110422,986.0
D394965,
7125598,43.0
7252173,295.0
D560244,
7619633,320.0
D614902,
9338356,
7980522,829.0
10626020,3.0
8084202,412.0
8170029,428.0
9444737,58.0
7101418,408.0
8504755,533.0
D873755,
8893680,539.0
4289758,
8429715,1252.0
9867417,436.0
6877654,175.0
10098600,70.0
8202601,626.0
8055890,686.0
10446108,538.0
D779982,
D734020,
9572108,107.0
6601581,88.0
10528212,265.0
9584309,
D336169,
6973430,678.0
9162381,539.0
9404451,98.0
D860247,
4389196,
8467939,94.0
8884893,464.0
D249348,
9012801,465.0
D963869,
8125331,775.0
9836557,682.0
D924739,
D888653,
7805845,224.0
D502552,
8930469,342.0
7635992,114.0
D652319,
8050397,1348.0
8977915,18.0
10627797,218.0
8621675,766.0
10902057,93.0
8491555,359.0
7269165,1065.0
D925807,
8931239,449.0
7911612,405.0
10960372,83.0
D584155,
9470115,737.0
D260646,
7215694,371.0
D503988,
10722450,
D250998,
10522180,
D728693,
10977444,106.0
10013322,354.0
11284611,48.0
8433972,626.0
8132135,125.0
8124532,222.0
10322907,307.0
8719792,1769.0
D716804,
9748418,129.0
D542191,
7812446,239.0
8252946,105.0
D359583,
9011786,899.0
11441586,1052.0
8312497,1260.0
7534553,282.0
D403008,
8975843,67.0
8578470,287.0
8263704,686.0
8440111,142.0
7515209,
8464890,265.0
D380676,
8925090,113.0
D271039,
D682102,
8315436,
10908947,543.0
9805218,49.0
7275344,
9360339,243.0
6718506,475.0
10090788,111.0
7046748,75.0
7647979,271.0
8151762,258.0
7283565,1077.0
7437084,723.0
10988345,500.0
9746908,134.0
10415112,290.0
10970671,352.0
10482518,
11155197,178.0
8957853,144.0
8047730,105.0
7806086,156.0
8043364,209.0
6655030,36.0
7730887,339.0
10105265,455.0
9320547,
8746233,1265.0
8085945,918.0
11219849,571.0
6658875,29.0
D476971,
7583785,153.0
8663092,1511.0
10186766,207.0
10660350,691.0
10126063,191.0
D488407,
D489138,
7180081,299.0
8508506,473.0
D635232,
8517942,205.0
7546200,106.0
D896564,
7764259,961.0
8278258,97.0
D959784,
9525168,87.0
8198049,
D642311,
7909486,259.0
D943530,
9779557,5.0
10318851,68.0
7157351,49.0
D860901,
8588357,204.0
10171999,344.0
D357896,
11219420,1344.0
10552296,118.0
7193819,111.0
D342425,
11026818,130.0
D626962,
6741564,247.0
8491111,227.0
7210080,521.0
D421668,
10661631,208.0
D422303,
9243815,652.0
9298210,341.0
9046072,84.0
7897344,60.0
7757342,26.0
8012320,303.0
10518470,70.0
D932086,
11380838,860.0
10930915,897.0
10941073,194.0
7929420,309.0
8001123,536.0
9225788,271.0
7344095,53.0
7517568,871.0
11382345,173.0
7563518,476.0
7896090,30.0
7905802,551.0
11041652,34.0
7901046,935.0
8439632,703.0
D909102,
9778532,170.0
8817924,210.0
10830637,294.0
7484746,399.0
D875384,
10103944,165.0
10538010,219.0
D367978,
8225279,933.0
10616915,
10579502,236.0
7997402,506.0
8149774,482.0
9181732,358.0
7861643,398.0
D257404,
D283745,
8003174,921.0
D893021,
11304137,
D449595,
10178161,420.0
D693005,
8559810,60.0
7625327,138.0
10089937,1237.0
7468511,255.0
8811941,2.0
9932896,569.0
D459801,
D580474,
10589841,330.0
7254275,687.0
10331278,77.0
10809336,228.0
8938482,400.0
4981602,
7815736,1087.0
9941661,382.0
9184686,60.0
9936728,567.0
6492655,51.0
D622280,
10457968,1234.0
7990793,309.0
D850049,
D535571,
8462571,76.0
D585381,
7966825,1543.0
8738622,261.0
7795205,221.0
7924445,1125.0
8840033,
9161573,36.0
11057391,
8086004,745.0
9138878,883.0
D594409,
9898830,164.0
11044303,
D530054,
9996013,17.0
D393064,
D407639,
8977374,282.0
7900127,
7133868,1048.0
6923759,200.0
8269668,749.0
10951041,64.0
10499922,225.0
8697398,193.0
7213473,300.0
7997700,598.0
8239046,775.0
11396285,174.0
10358985,369.0
7352614,
10574084,221.0
10083435,
D345531,
10542932,261.0
10181750,58.0
9560436,
10987632,212.0
9398437,
8969027,421.0
8580281,213.0
10226915,740.0
D889926,
7814405,876.0
D756212,
7754514,496.0
8534955,286.0
D497040,
8973535,28.0
10004704,
8416891,908.0
D622852,
8220125,1104.0
10466091,125.0
10161649,1105.0
8960463,476.0
11244515,
7480082,1023.0
9854035,908.0
7066889,136.0
6728601,184.0
D469617,
D916554,
7688306,875.0
7525162,46.0
D463998,
10392814,
10447801,32.0
11437665,134.0
D400974,
D663237,
7800463,245.0
8819946,407.0
6628884,158.0
9145167,962.0
8729306,96.0
D555506,
7865668,564.0
D370834,
6702636,315.0
8695827,44.0
8010636,267.0
9545622,57.0
D766766,
8866667,180.0
10570874,101.0
7630755,264.0
6724978,
6771373,100.0
8385532,1268.0
D350916,
9256635,
10261122,370.0
7749133,573.0
11087410,1263.0
9992168,131.0
D371935,
9726156,558.0
D291617,
11397545,15.0
8950696,372.0
11242308,
10289222,467.0
10555862,401.0
7979153,897.0
D946470,
9902615,148.0
8731361,458.0
8853582,332.0
7133864,357.0
10386792,290.0
D771423,
9904047,343.0
D833985,
9755695,
7513999,50.0
7578099,202.0
10504035,1013.0
10793927,127.0
8924071,12.0
7518187,125.0
10458423,220.0
9659843,48.0
7226352,184.0
11289636,
11353136,
D859635,
9302679,45.0
11391989,714.0
D642247,
10102532,705.0
9513509,117.0
9136397,32.0
8953052,602.0
8252985,144.0
8328697,218.0
9096685,142.0
11105523,199.0
11333583,337.0
11255418,11.0
9470573,613.0
9263993,23.0
7309914,4.0
7268899,877.0
D733854,
8898921,241.0
11354233,1.0
10924903,
9939193,
8806436,670.0
10859660,408.0
8094797,1417.0
7451080,491.0
8560908,448.0
5308301,
D478869,
9019912,406.0
10636611,441.0
8762308,449.0
7215541,720.0
8458987,351.0
9802489,288.0
11116221,1147.0
10063503,153.0
7209570,621.0
7920400,313.0
10835822,427.0
10970971,8.0
8139919,1379.0
10357532,41.0
9324896,252.0
7983561,614.0
9830042,836.0
10133437,
10984000,147.0
7581362,673.0
9969518,368.0
7177800,929.0
7737649,363.0
6816978,549.0
11110543,314.0
10582992,22.0
7480122,415.0
7821685,427.0
7726489,16.0
10773461,413.0
10338551,415.0
8910965,57.0
10416175,155.0
11088611,72.0
8975524,139.0
8616388,161.0
8992937,1655.0
D960407,
11212566,349.0
8517819,16.0
10786864,238.0
7602998,989.0
7848695,221.0
11085314,172.0
8080053,591.0
11138243,767.0
6668346,290.0
10300429,289.0
10857332,190.0
D788369,
D291564,
8482852,513.0
7830050,263.0
7968961,7.0
7022606,103.0
7584014,388.0
D920849,
D482761,
10737201,420.0
7079406,258.0
11357519,38.0
4740775,
8416399,691.0
10660984,475.0
10393222,254.0
D479001,
10228168,662.0
7427492,1826.0
9692391,983.0
D855746,
4956051,
7469639,312.0
8528977,735.0
8948072,1075.0
D948811,
8008060,314.0
D745208,
10572768,214.0
9654430,642.0
D899858,
9599766,104.0
8667064,
7342912,1084.0
6711945,13.0
D615557,
6828250,142.0
9265966,454.0
11366429,352.0
10309852,280.0
D365436,
6820165,481.0
7552654,
11367876,125.0
8775118,344.0
D880346,
8848591,194.0
9609610,108.0
7447680,529.0
8770040,224.0
7697036,1061.0
9255579,369.0
10996265,194.0
9055570,
7494100,450.0
7042795,41.0
D265589,
6520334,72.0
D812152,
D858177,
8837499,123.0
10708587,
D870489,
D390064,
D466215,
D418414,
9315293,111.0
8729543,35.0
11417593,756.0
7382794,884.0
10541056,235.0
8117914,266.0
9258859,
10324526,35.0
D710081,
8810230,733.0
9319921,232.0
11078600,292.0
9401879,
D904260,
9458539,66.0
6955103,232.0
9119767,621.0
11175298,
11273563,170.0
9629202,247.0
7553749,348.0
6567074,119.0
7760651,329.0
10973668,2.0
10615402,50.0
9270800,639.0
10151565,803.0
8677216,393.0
9638725,314.0
7994838,106.0
8349310,393.0
6893182,20.0
D915064,
8946205,344.0
8210073,253.0
8135007,1277.0
6675053,
7525352,
9662777,801.0
8247731,1030.0
10981690,253.0
8914082,369.0
10449134,56.0
8743634,796.0
9150711,61.0
8370784,219.0
D459075,
7908261,323.0
6540887,58.0
D635787,
8534042,872.0
7974074,505.0
7987372,1093.0
7531297,262.0
8016707,933.0
D616749,
8882991,1254.0
8487177,669.0
6741151,73.0
8091730,261.0
8928894,269.0
10482403,998.0
D720980,
8018819,743.0
7657979,208.0
10867200,97.0
8419949,544.0
8927696,64.0
D560024,
8469515,614.0
8961478,136.0
9087887,55.0
8488099,1156.0
9950020,440.0
D326179,
D483414,
10876732,343.0
10686881,324.0
D261087,
8154053,498.0
7825959,434.0
9421345,462.0
10299853,367.0
8240179,1574.0
11275902,262.0
10076934,308.0
6416858,
7779410,1437.0
9810917,21.0
9247624,410.0
9027119,1052.0
9942472,194.0
7949530,900.0
8641823,
7999488,512.0
10745081,170.0
D631465,
D417740,
9373871,394.0
D364997,
D274697,
11289757,572.0
D541687,
11444264,133.0
D927086,
11457015,
8526863,256.0
D834363,
10091052,49.0
D844994,
D824665,
10809549,8.0
9700869,546.0
9441114,249.0
10402701,65.0
10842406,315.0
7739744,1062.0
5016462,
D298263,
D932155,
4776162,
9700238,260.0
9032461,1289.0
D820460,
8967735,23.0
7858002,542.0
7165123,387.0
8090920,549.0
11340923,181.0
D703090,
D854312,
7934758,1068.0
D940567,
8076460,411.0
10611699,459.0
11117917,
D878447,
D733979,
RE43430,
8561863,194.0
8300240,1556.0
9345199,784.0
8860246,831.0
8704140,827.0
8782122,
9067187,497.0
6582635,297.0
6986945,13.0
11285212,511.0
D413838,
6950007,280.0
10957500,744.0
7617093,538.0
9190873,89.0
8796555,616.0
9614850,
11199515,458.0
D854738,
8131127,973.0
9964103,471.0
D605251,
10845441,5.0
7815570,186.0
7624352,295.0
D327643,
7354424,48.0
7531051,476.0
8321458,531.0
9452319,79.0
10551900,119.0
7546041,404.0
11224750,120.0
7297377,66.0
10324650,97.0
10289673,
8141893,287.0
D268053,
D593883,
9821736,493.0
D964901,
8015522,312.0
11395245,49.0
6461639,
D630496,
10573819,283.0
6623534,76.0
10860231,28.0
10079588,10.0
9375250,586.0
9182216,419.0
9606953,483.0
8692550,331.0
10617443,165.0
10678576,123.0
10638813,36.0
8934401,166.0
11302051,
D851962,
10505719,285.0
8710990,318.0
D905246,
6727872,159.0
10962477,320.0
11115459,247.0
10512377,295.0
D388581,
10016689,109.0
10562016,
D810981,
7199930,73.0
D597914,
7069452,1207.0
7263206,816.0
10240993,59.0
D923179,
9324317,
7022104,138.0
8139764,933.0
6939198,211.0
D777308,
9346761,132.0
8430252,182.0
8239091,373.0
9232025,455.0
7096307,768.0
7802011,995.0
6675146,48.0
10409755,495.0
9121588,278.0
8489372,393.0
8113053,699.0
8085862,677.0
8780335,92.0
9513668,35.0
7731173,170.0
7668926,
11278931,
8424657,218.0
9877185,161.0
8855653,103.0
7949910,
8619583,334.0
9319622,175.0
9347951,98.0
8590559,57.0
10786044,140.0
D735996,
D717157,
9572957,112.0
7271781,465.0
10461600,195.0
10431809,78.0
7985257,756.0
10819146,64.0
11083319,
8704677,75.0
6976466,210.0
7903937,
7683676,249.0
7800287,563.0
D560585,
D607007,
10171287,829.0
D354706,
7692638,748.0
10837367,501.0
9900399,234.0
7999020,869.0
8547927,284.0
6514915,75.0
6909925,216.0
11052595,264.0
8626292,405.0
8934427,391.0
8805566,685.0
8140360,
D523687,
8477187,530.0
7760919,944.0
9788442,437.0
D445991,
D927138,
7626563,679.0
6818936,178.0
9077564,913.0
7371896,43.0
10806746,110.0
11156522,240.0
D580879,
7049014,333.0
9034870,
9221254,
6908709,163.0
10455406,115.0
8499809,246.0
8598728,507.0
9310986,202.0
9440674,324.0
9167982,
9154047,355.0
8996911,176.0
8425180,625.0
7350004,197.0
9388824,689.0
9427174,337.0
6820901,58.0
5103012,
10709969,51.0
10081695,43.0
9821136,357.0
9835833,64.0
10936173,941.0
7033751,134.0
8536414,216.0
6677897,29.0
9919380,635.0
7054469,522.0
8256941,19.0
11357964,367.0
D829859,
8097199,1256.0
8639344,868.0
10811065,348.0
8988399,1766.0
8959630,
7675416,515.0
9224536,601.0
9570894,264.0
11014020,207.0
11316973,
6779608,251.0
9035879,1460.0
7798369,360.0
8851087,854.0
D737791,
10611555,98.0
6680677,450.0
8589879,1290.0
5469084,
7434187,208.0
10023299,259.0
9041163,40.0
10799298,799.0
7668012,271.0
D248187,
D532671,
D636237,
D381856,
8215203,1180.0
PP16473,35.0
8706252,777.0
11355105,149.0
D718636,
10411474,176.0
D790866,
7893365,291.0
9266067,670.0
8244652,734.0
9413382,
11441278,975.0
8623576,12.0
7460997,
7261858,727.0
10035041,150.0
6793215,500.0
7108310,112.0
11079364,125.0
8062396,434.0
9977581,514.0
9999925,296.0
9659356,92.0
10981726,241.0
7460430,35.0
6919279,150.0
D718474,
7636204,72.0
6894917,28.0
4960350,
11258087,316.0
D672904,
10190884,58.0
10654573,365.0
D864934,
8865401,790.0
8676155,281.0
8549834,319.0
11421209,112.0
8709721,118.0
9694460,483.0
9459332,477.0
9670888,24.0
9247239,270.0
D625103,
9996897,35.0
11454289,330.0
8344268,636.0
7854817,321.0
7921013,1147.0
7792440,808.0
9395351,258.0
5347075,
7964988,373.0
11367200,72.0
9249682,275.0
8942696,285.0
9546081,139.0
10244869,67.0
8321478,531.0
8265355,929.0
5346698,
D619471,
9800540,205.0
D339132,
4740634,
3931351,
D807076,
7224970,55.0
9031899,2063.0
8444698,723.0
10611043,609.0
8836714,944.0
D449699,
10012315,66.0
9061263,1493.0
7325511,261.0
11181065,16.0
9845921,435.0
8252516,889.0
8216033,896.0
8099728,1032.0
D356858,
6757721,766.0
8985495,664.0
D717698,
D447164,
9483727,294.0
6985352,97.0
9745397,
11177187,
8638710,443.0
D318291,
D601225,
11418162,87.0
7101655,
8422127,936.0
D598591,
10488488,131.0
8498289,1469.0
D526623,
11321392,150.0
9534427,114.0
8256620,131.0
10076580,35.0
10508804,54.0
7878711,590.0
D434726,
10095425,85.0
8502814,649.0
7147848,217.0
10900496,37.0
9608152,27.0
D950046,
D923797,
7058889,700.0
4973460,
10036474,149.0
10615520,393.0
10532080,
7064614,52.0
10143801,292.0
6874712,60.0
10340741,199.0
7611667,170.0
6462457,5.0
10533708,360.0
10934093,79.0
7570291,713.0
D822307,
8904445,192.0
8646237,327.0
10608247,69.0
D443617,
8743599,139.0
10822257,112.0
7328220,409.0
D734357,
11427306,750.0
10731264,
D765866,
9211707,291.0
D874837,
10133428,142.0
11419164,467.0
6760209,50.0
7097400,105.0
7825204,
9561813,28.0
9251432,345.0
7203459,501.0
D418154,
6877900,141.0
6366759,
9591602,10.0
7255805,350.0
10515458,59.0
10275096,
7508083,282.0
6507967,147.0
6550465,10.0
D619748,
7536914,245.0
10146005,287.0
9712496,51.0
D318620,
8664851,282.0
11303009,119.0
D452992,
D770497,
9196189,248.0
9151596,477.0
9753509,208.0
PP27421,191.0
7836815,390.0
8397031,569.0
D676447,
6437364,4.0
7371169,782.0
8858983,413.0
9867506,289.0
7672227,802.0
9171407,98.0
10465571,121.0
7222388,559.0
6957312,357.0
D368383,
D769156,
9675951,177.0
8663415,1015.0
D316337,
10051618,125.0
7675038,400.0
7263762,419.0
11182502,116.0
10795318,227.0
9733792,1141.0
11417359,
10710456,304.0
7788058,182.0
9568855,144.0
D546958,
9705136,437.0
7531232,518.0
D291970,
D398471,
10858570,320.0
D626974,
10764862,
7436308,263.0
7788029,366.0
9213353,365.0
8316100,521.0
11394701,116.0
8794104,360.0
10391851,173.0
8872507,771.0
7406982,253.0
8207452,264.0
8592000,3.0
9612935,132.0
11285902,91.0
7059608,396.0
D306880,
9527144,348.0
9345424,1454.0
6756327,69.0
6778941,170.0
9827270,177.0
10873206,789.0
7952869,22.0
9355098,19.0
7790812,536.0
6838937,
7878156,
11075511,751.0
8198635,49.0
D476179,
8834598,286.0
7430136,149.0
D667258,
8004618,1321.0
10855135,106.0
6876723,93.0
8528055,243.0
D794613,
7134093,376.0
6716651,152.0
9459359,396.0
10010985,167.0
8293222,310.0
7127433,907.0
10978432,9.0
6783809,
10104013,95.0
6794764,132.0
10955723,11.0
7768880,598.0
7673058,1747.0
D709028,
6762881,38.0
10456081,302.0
11279603,966.0
7161049,574.0
6817013,427.0
7448822,296.0
10101135,
9588216,72.0
D315588,
8548887,748.0
9454536,27.0
D301332,
7543723,188.0
7501198,1864.0
9422254,313.0
D495161,
10170923,
10020997,565.0
D835233,
9078850,654.0
8610336,136.0
D393022,
10786549,48.0
7195908,187.0
11368967,
11456607,67.0
5147656,
10876169,268.0
7984854,226.0
11339900,259.0
11260168,92.0
11425143,338.0
8355654,312.0
8243532,241.0
8677409,714.0
7508533,288.0
6942126,62.0
D535821,
7859635,754.0
9894717,1052.0
8422547,230.0
D418918,
6734184,
9392234,11.0
7672620,548.0
6539281,28.0
9708614,
11127469,32.0
9598961,450.0
D607367,
9430555,1208.0
8275205,532.0
D548303,
8981967,261.0
8629372,730.0
8363605,1086.0
9492218,
D722781,
9533848,12.0
8473829,376.0
9319582,368.0
7510794,574.0
D306637,
D701720,
8437994,44.0
9725388,
8648055,170.0
8610045,323.0
9392012,279.0
8193877,290.0
6436532,3.0
D842719,
9346692,374.0
10942291,36.0
D855362,
8207750,626.0
D467725,
11176662,181.0
D529884,
D871451,
9655327,43.0
10503347,253.0
9673355,22.0
D484201,
10792295,136.0
D487297,
10753065,66.0
7238835,365.0
10412362,113.0
7180385,154.0
6885235,425.0
11300865,419.0
D442352,
11135224,109.0
7557705,262.0
8709994,26.0
6432180,
8800147,1304.0
9470381,140.0
9248876,1062.0
8777569,673.0
D944050,
7878316,640.0
D362344,
D662966,
9454716,7.0
10119150,
7059543,106.0
7936354,992.0
10424156,413.0
5084430,
D409758,
7134397,20.0
8430299,1733.0
7580855,2501.0
10895151,55.0
10273078,107.0
8637486,426.0
7575571,1006.0
9025105,
9385366,344.0
10838598,93.0
D309983,
11232653,255.0
9544166,
9347269,522.0
D566601,
10914940,136.0
7277048,196.0
8119397,616.0
7363215,741.0
9859969,143.0
7631297,586.0
9054444,14.0
11091455,18.0
10631637,388.0
8313907,
4068460,
7474862,146.0
10859432,246.0
8736104,464.0
11308206,
10221424,201.0
8883976,417.0
7365650,178.0
6437517,1.0
10792559,196.0
8800270,667.0
11096468,210.0
11209497,141.0
8181612,831.0
10377822,74.0
7994276,44.0
11328072,268.0
8529310,291.0
8714079,1161.0
9158833,331.0
D790907,
10799213,1163.0
7847986,1083.0
9983555,520.0
9564260,100.0
9420468,
7898047,202.0
10460826,62.0
8169492,
7291117,699.0
11354101,
7888103,433.0
10016205,198.0
D714013,
9525399,828.0
9239048,290.0
D264469,
10369740,576.0
11351114,
9268124,442.0
10163943,
6481657,62.0
D511797,
8205237,594.0
8123793,676.0
D589167,
D913137,
9937632,30.0
8206411,1094.0
10022525,237.0
8066210,129.0
9421569,109.0
8643225,501.0
D372266,
11073126,252.0
9395024,683.0
6914246,202.0
7722844,468.0
D396225,
9336503,400.0
8627725,349.0
11393713,26.0
7488778,
D380001,
6950102,247.0
D745818,
7515820,290.0
D894079,
7040422,186.0
10753918,534.0
D852879,
D570090,
7034471,5.0
D392670,
8426751,119.0
10920924,1068.0
D639933,
8933895,246.0
11101884,11.0
10119599,538.0
10240017,548.0
7044507,117.0
7073724,
9737656,292.0
9248076,
10954625,300.0
10063813,837.0
8798664,338.0
D465087,
10523050,80.0
D744937,
9251024,131.0
6741892,493.0
8634976,574.0
7639145,1380.0
9284781,210.0
7896039,1070.0
8007956,824.0
8193524,438.0
7246818,73.0
11196519,1.0
8600940,805.0
7753576,14.0
D743967,
D538929,
D515052,
8766162,232.0
11440073,40.0
8584518,426.0
8408667,96.0
7285231,4.0
10840458,558.0
7835846,885.0
8564176,304.0
9893340,165.0
9296892,49.0
D274154,
9378906,139.0
7933206,248.0
7514702,87.0
8475639,651.0
7254586,412.0
9282554,
11414950,61.0
11247845,96.0
D443279,
6530601,73.0
8915134,466.0
9021530,409.0
7858623,1084.0
10054030,224.0
10738354,283.0
7052398,104.0
8188737,293.0
8055643,
9445158,1261.0
7535066,1169.0
D657523,
PP20281,50.0
7028532,100.0
6757106,46.0
9415356,
9904383,149.0
8315247,1371.0
7791269,404.0
8193256,125.0
8402886,615.0
10531830,409.0
9628191,108.0
7065541,498.0
9980527,91.0
D531350,
8222992,185.0
6978631,138.0
7510249,46.0
D509200,
7790112,230.0
D825751,
7570664,1570.0
11369350,580.0
7415788,53.0
10912244,250.0
7604895,988.0
7220716,249.0
9146849,196.0
10222521,
10823869,90.0
7583400,845.0
11233557,194.0
D244304,
9203247,485.0
5395928,
11080307,103.0
8014662,
6641635,115.0
D850856,
7128125,318.0
10559304,101.0
7472531,502.0
7840038,931.0
6947737,508.0
8958261,22.0
7905807,620.0
10215574,484.0
10783008,677.0
D858019,
10169921,66.0
8644558,55.0
7189781,86.0
D431689,
10242175,135.0
9237176,
D540791,
9026179,412.0
10166166,657.0
7584916,74.0
10795855,
7847175,154.0
7205035,307.0
D532480,
8282912,260.0
10309484,445.0
8342296,153.0
8605026,1048.0
9471123,176.0
D631890,
D931123,
D916585,
7768419,201.0
9355933,71.0
D850613,
10311854,20.0
6941817,26.0
6804082,103.0
6931773,1.0
6583435,115.0
9066756,72.0
9172582,124.0
D375503,
6866500,204.0
7182824,220.0
D793221,
6822868,42.0
8855726,682.0
8390712,176.0
7686481,112.0
D500641,
8968312,255.0
11321328,215.0
9579013,105.0
9839021,550.0
7928624,3.0
7902726,32.0
11091866,429.0
11356845,455.0
D930525,
9452867,284.0
8913534,338.0
9602451,148.0
D406833,
6978058,336.0
8371878,92.0
D622606,
10663219,273.0
9223689,683.0
9434974,179.0
6597042,
7711378,452.0
7999474,20.0
11338866,824.0
9622757,
D783257,
8822901,13.0
11216591,170.0
10331473,
6959177,675.0
D742788,
9124682,
10942103,41.0
9106858,123.0
8997024,334.0
D779762,
6389953,50.0
8873509,254.0
8640092,440.0
8582549,491.0
10653768,125.0
8534380,300.0
10295981,34.0
7199373,91.0
8311542,33.0
11263116,110.0
8819896,
7790659,586.0
9449041,210.0
7228234,5.0
7782059,63.0
8949072,962.0
D459371,
10717922,118.0
D964847,
7349883,906.0
9344401,890.0
D919789,
9119314,355.0
9035227,347.0
9643225,136.0
10227193,
8571312,911.0
D787992,
10576830,58.0
D781901,
10155653,163.0
D258280,
8018405,930.0
7603708,877.0
D917128,
D925437,
8540328,136.0
9665477,935.0
D741624,
7952753,1297.0
8478726,188.0
D293019,
8274955,521.0
9402026,286.0
10696962,882.0
9687220,753.0
9659218,86.0
7415541,
8023513,199.0
8397118,411.0
7694611,755.0
10025300,
D491632,
8737828,31.0
D811683,
7331796,3.0
7126640,772.0
7971367,371.0
9971142,149.0
D281909,
10316402,375.0
7913854,1377.0
D609632,
D534284,
D385159,
7178847,63.0
9129602,196.0
7758570,1107.0
7085319,720.0
9887949,319.0
8326368,140.0
9715747,4.0
10147549,
7503593,378.0
7330468,1039.0
9846476,38.0
9290772,150.0
10408241,
D442512,
8519053,207.0
8181149,351.0
7520541,263.0
D924221,
9642692,8.0
9259394,364.0
7818334,361.0
10033385,
11171559,42.0
11010954,36.0
8157941,39.0
D938815,
8450823,13.0
7772292,746.0
D772255,
8252411,1204.0
11152934,343.0
11227969,18.0
10645150,
D633803,
9703468,983.0
9957619,293.0
7999978,1173.0
7776707,438.0
D539434,
D785053,
9946432,535.0
6580196,14.0
D423452,
6888742,291.0
7606021,116.0
D639959,
7724651,477.0
9849128,
8511285,319.0
7481032,502.0
8266552,312.0
11071522,369.0
9367341,727.0
8279928,1551.0
8137921,170.0
10945270,264.0
10592908,1565.0
D512625,
D263453,
8690848,929.0
D523765,
D774374,
11395419,3.0
8002242,457.0
9650976,562.0
10669138,121.0
9274397,25.0
D908939,
D672489,
7828180,1522.0
10294258,9.0
7701872,1053.0
D737001,
9908438,84.0
4321181,
7642839,60.0
7790392,12.0
D447670,
7330495,285.0
9024419,
8407236,504.0
10683799,102.0
8249863,1280.0
7316047,47.0
6769556,113.0
D783034,
9981412,67.0
7388861,
7674702,127.0
10190852,264.0
6969157,49.0
PP25047,183.0
7172334,113.0
D649509,
8616761,471.0
9933816,287.0
9076007,1341.0
D314704,
9181611,306.0
10877178,90.0
D490586,
D372245,
8404443,10.0
6833089,42.0
8200955,146.0
10439910,195.0
8356490,391.0
7499727,646.0
10640062,167.0
7656138,341.0
11041434,11.0
8348824,1347.0
7526331,303.0
D487716,
9460177,314.0
7907189,476.0
10058903,176.0
10203957,130.0
D316321,
9858320,432.0
11145720,34.0
9655640,262.0
10286320,328.0
7238475,354.0
8443185,804.0
D888457,
6565456,
8630422,613.0
7725244,19.0
8329389,
4570780,
8306564,255.0
9153151,375.0
7431536,197.0
7894253,287.0
D671802,
7970361,808.0
10907981,173.0
9068912,337.0
7913220,265.0
11082629,170.0
8783468,382.0
7400401,92.0
8010607,1401.0
9007387,128.0
11172614,81.0
D649823,
9453234,495.0
D788859,
10986711,238.0
9483837,287.0
11411139,8.0
8411576,4325.0
9987884,322.0
10870743,630.0
10530744,409.0
10226674,
8864477,394.0
8422058,659.0
7651642,538.0
7264117,452.0
D431056,
8164211,405.0
9161566,54.0
8654226,310.0
8591471,247.0
D373511,
7314656,633.0
11276770,167.0
10041324,74.0
8470560,157.0
9191641,994.0
8905766,156.0
8290165,152.0
6758609,42.0
11253307,
D456392,
8535993,357.0
10574207,280.0
9033233,165.0
10808620,1138.0
7503559,178.0
D718597,
9003461,923.0
9195353,511.0
10894373,105.0
D807371,
10055846,89.0
6594763,106.0
8008053,822.0
9639666,252.0
8074088,481.0
7876564,57.0
7077524,
D833369,
8645365,71.0
7980705,196.0
8941201,76.0
D682432,
7924205,46.0
11324945,280.0
D603418,
9789124,
8260596,
9698313,832.0
10588368,371.0
D766325,
7320599,475.0
7340006,693.0
8262452,999.0
D388186,
D820360,
8570492,64.0
10806963,125.0
7798908,883.0
5286154,
8499280,
7611186,245.0
8669760,377.0
7742150,390.0
8343663,585.0
D620570,
7536765,709.0
7222639,219.0
8163805,129.0
10730695,
10303268,7.0
D850660,
9480255,1442.0
9068086,
8424442,906.0
9062139,161.0
8363716,468.0
7184650,
10553919,162.0
10049180,252.0
D757785,
7024388,597.0
10318998,1098.0
9157459,265.0
D686753,
9597728,41.0
10016148,3193.0
4435865,
8922822,251.0
8195943,1315.0
7172608,607.0
8098830,740.0
11188111,39.0
8678948,352.0
D502162,
D687860,
D732173,
10973504,618.0
8618052,224.0
D707008,
8501186,431.0
10499584,272.0
7332780,660.0
D960930,
7832827,530.0
9415239,1252.0
D423175,
7851202,573.0
D436659,
7075783,277.0
7729479,1487.0
8859670,231.0
11274220,
7575970,327.0
7881896,237.0
8667788,521.0
9415875,973.0
8276150,1986.0
6993101,739.0
D348703,
7746505,713.0
D498797,
9263396,42.0
9864205,195.0
10942844,334.0
D268771,
7484330,113.0
11067959,
6874040,360.0
7010079,267.0
7215935,409.0
7383973,645.0
9272125,191.0
7679701,5.0
10234285,156.0
7166470,265.0
7233422,399.0
10098235,117.0
7237096,403.0
7282983,35.0
8865340,175.0
D457160,
7927095,744.0
8720817,
8499543,239.0
11027460,236.0
11071851,418.0
D381562,
10651204,302.0
9027897,43.0
9555212,1517.0
10185734,638.0
10770674,16.0
11429099,384.0
PP12847,6.0
D872827,
9086115,3.0
D254800,
D500409,
7954121,2748.0
9428226,87.0
D558020,
8976689,122.0
8403808,289.0
10825110,208.0
8139245,1204.0
10440041,
8962377,243.0
10738988,444.0
8056830,117.0
D641673,
8007138,278.0
7467882,97.0
9681865,
6665549,408.0
9544132,93.0
6587516,
D679357,
8563166,935.0
D852125,
9064053,282.0
6555002,48.0
8390815,482.0
11306522,36.0
9824105,499.0
9414186,147.0
11172721,42.0
8993478,307.0
9314704,70.0
7436301,79.0
8228182,423.0
7652113,1118.0
D395317,
9158741,623.0
7511991,5.0
7197498,420.0
D895691,
7900022,1204.0
9943855,657.0
7365066,451.0
7980249,140.0
8081735,889.0
7679770,308.0
6703840,50.0
9010839,63.0
10884641,79.0
10762165,252.0
8616970,1084.0
10000523,
6760821,318.0
8121606,660.0
7570919,979.0
7534598,631.0
8946080,249.0
10842243,245.0
10343243,405.0
9106668,1496.0
D924142,
11118390,150.0
9106076,35.0
7276383,711.0
9463964,250.0
7565795,508.0
7663492,423.0
10166853,138.0
7772369,24.0
8052939,229.0
6690547,16.0
11116578,766.0
8115954,983.0
8278744,468.0
8436693,753.0
9166317,71.0
D262329,
7065478,854.0
8538105,126.0
10870593,112.0
9529415,
8480175,338.0
PP28062,132.0
8059548,1185.0
10832979,96.0
7754267,90.0
10319544,56.0
7317586,225.0
9780775,
9654883,256.0
D677542,
8644030,636.0
10336895,59.0
7647238,2137.0
6633872,280.0
10292586,854.0
8586763,148.0
8739568,1148.0
10448870,876.0
8627710,590.0
7078894,248.0
7996761,833.0
9236408,77.0
8827397,1278.0
9901310,217.0
7839279,361.0
7567814,965.0
10505814,61.0
10835215,466.0
7200964,47.0
6982307,15.0
8296582,383.0
7816717,259.0
7543658,3.0
10597730,100.0
8233619,1073.0
10484181,179.0
8026873,717.0
D816943,
7679734,491.0
7942722,349.0
6766338,571.0
9476726,1568.0
11384431,678.0
9339634,72.0
6644287,63.0
10107359,
10332568,1.0
9316075,520.0
10736540,
D550787,
7584628,455.0
8020303,304.0
6979305,
11034275,8.0
7382737,855.0
10555806,74.0
6780674,45.0
8542349,119.0
7680057,580.0
7037680,444.0
10748691,85.0
D307138,
D478817,
11145015,154.0
9737983,8.0
10798692,148.0
11377170,318.0
D661165,
9434392,214.0
D249101,
11352877,29.0
6909970,487.0
D315632,
9637103,67.0
D263540,
11076881,433.0
7737833,434.0
11293229,12.0
9619624,
7337897,19.0
7179222,457.0
10623948,
9397900,646.0
10729240,
7968093,
10218578,470.0
D479162,
11137731,79.0
9705917,
10642518,42.0
6642918,78.0
7323789,115.0
10247650,144.0
8716445,79.0
9568350,137.0
D507194,
7705660,373.0
7818308,312.0
6645484,167.0
10958696,
D746034,
8171589,127.0
7509462,520.0
8771480,
9427556,685.0
10151504,274.0
7918612,228.0
8711060,2038.0
9877659,741.0
8136701,754.0
10388184,169.0
9888076,14.0
8504236,298.0
8231107,324.0
8385071,89.0
7375929,427.0
10900848,
6977833,136.0
7527266,9.0
7751107,249.0
7674849,574.0
7708009,79.0
7683267,64.0
8866194,87.0
7934129,272.0
8983036,591.0
10803594,67.0
10023932,380.0
D426706,
6817855,235.0
7530439,399.0
11203555,318.0
D639227,
8665479,102.0
10280644,249.0
10014476,803.0
11366967,428.0
6852869,87.0
6977775,62.0
9072096,1640.0
10875803,300.0
7979193,475.0
D736582,
7026205,14.0
8283480,316.0
8648132,975.0
9604115,13.0
11271179,165.0
9502451,33.0
9484699,133.0
D346048,
D930547,
8531778,277.0
8127719,969.0
8665449,249.0
10284207,
8802373,
7097340,8.0
11397413,1107.0
D816260,
D326812,
9923787,129.0
8278840,267.0
9400989,280.0
7356085,621.0
7227572,672.0
8593969,584.0
8230253,1037.0
8307147,53.0
9410645,
8289386,531.0
6750825,1082.0
10561746,791.0
10144584,295.0
8500631,1336.0
9652521,957.0
9389317,495.0
9072569,335.0
8079711,259.0
9320989,347.0
6610484,
8968376,193.0
11094977,168.0
9222222,56.0
7316093,238.0
7909812,120.0
9160557,892.0
9861358,847.0
D296414,
D859351,
11213612,99.0
10693141,182.0
10779891,1355.0
D536797,
7084161,342.0
6947154,859.0
9160759,389.0
10187270,207.0
D843998,
9653574,
7923513,741.0
11062226,869.0
9318735,458.0
7263717,477.0
D797477,
6800194,49.0
11379560,511.0
9249072,5.0
9514158,182.0
7470576,68.0
D873647,
8947457,92.0
D344850,
6775829,519.0
6555668,
6511899,
8131231,1132.0
11362079,65.0
8194060,728.0
8582986,151.0
8557344,88.0
7497918,548.0
9678813,79.0
7216957,
11295089,137.0
7766359,11.0
8131445,
7095426,850.0
D810400,
6927563,349.0
D401567,
8023310,355.0
D819068,
11453751,470.0
7567139,119.0
6890367,26.0
8608940,299.0
8522735,109.0
11154987,441.0
11418686,630.0
8842678,199.0
8161430,833.0
D775746,
8336740,922.0
9320707,
7424545,784.0
8436885,106.0
6779730,28.0
7163043,140.0
D860292,
6515497,30.0
8569630,319.0
D764989,
8792494,124.0
10481776,4.0
9156075,309.0
11457437,180.0
10456319,65.0
10863761,74.0
9140465,279.0
D726509,
7188483,277.0
D499768,
8904891,645.0
8414060,116.0
7242862,838.0
D315000,
7348073,345.0
8590894,156.0
9171028,145.0
9855021,41.0
8690942,869.0
9882373,236.0
D926686,
8787649,151.0
4366091,
8748671,1612.0
10383101,3.0
7318159,128.0
7788247,343.0
D570534,
D507624,
D921501,
7775962,190.0
